<?xml version="1.0" encoding="UTF-8"?>
<root>
  <item name="android.net.CaptivePortal void reevaluateNetwork()">
    <annotation name="androidx.annotation.RequiresPermission">
      <val name="value" val="&quot;android.permission.NETWORK_STACK&quot;" />
    </annotation>
  </item>
  <item name="android.net.CaptivePortalData int getUserPortalUrlSource()">
    <annotation name="androidx.annotation.IntDef">
      <val name="value" val="{android.net.CaptivePortalData.CAPTIVE_PORTAL_DATA_SOURCE_OTHER, android.net.CaptivePortalData.CAPTIVE_PORTAL_DATA_SOURCE_PASSPOINT}" />
    </annotation>
  </item>
  <item name="android.net.CaptivePortalData int getVenueInfoUrlSource()">
    <annotation name="androidx.annotation.IntDef">
      <val name="value" val="{android.net.CaptivePortalData.CAPTIVE_PORTAL_DATA_SOURCE_OTHER, android.net.CaptivePortalData.CAPTIVE_PORTAL_DATA_SOURCE_PASSPOINT}" />
    </annotation>
  </item>
  <item name="android.net.CaptivePortalData.Builder android.net.CaptivePortalData.Builder setUserPortalUrl(android.net.Uri, int) 1">
    <annotation name="androidx.annotation.IntDef">
      <val name="value" val="{android.net.CaptivePortalData.CAPTIVE_PORTAL_DATA_SOURCE_OTHER, android.net.CaptivePortalData.CAPTIVE_PORTAL_DATA_SOURCE_PASSPOINT}" />
    </annotation>
  </item>
  <item name="android.net.CaptivePortalData.Builder android.net.CaptivePortalData.Builder setVenueInfoUrl(android.net.Uri, int) 1">
    <annotation name="androidx.annotation.IntDef">
      <val name="value" val="{android.net.CaptivePortalData.CAPTIVE_PORTAL_DATA_SOURCE_OTHER, android.net.CaptivePortalData.CAPTIVE_PORTAL_DATA_SOURCE_PASSPOINT}" />
    </annotation>
  </item>
  <item name="android.net.ConnectivityDiagnosticsManager.ConnectivityReport KEY_NETWORK_PROBES_ATTEMPTED_BITMASK">
    <annotation name="androidx.annotation.IntDef">
      <val name="value" val="{android.net.ConnectivityDiagnosticsManager.ConnectivityReport.NETWORK_PROBE_DNS, android.net.ConnectivityDiagnosticsManager.ConnectivityReport.NETWORK_PROBE_HTTP, android.net.ConnectivityDiagnosticsManager.ConnectivityReport.NETWORK_PROBE_HTTPS, android.net.ConnectivityDiagnosticsManager.ConnectivityReport.NETWORK_PROBE_FALLBACK, android.net.ConnectivityDiagnosticsManager.ConnectivityReport.NETWORK_PROBE_PRIVATE_DNS}" />
    </annotation>
  </item>
  <item name="android.net.ConnectivityDiagnosticsManager.ConnectivityReport KEY_NETWORK_PROBES_SUCCEEDED_BITMASK">
    <annotation name="androidx.annotation.IntDef">
      <val name="value" val="{android.net.ConnectivityDiagnosticsManager.ConnectivityReport.NETWORK_PROBE_DNS, android.net.ConnectivityDiagnosticsManager.ConnectivityReport.NETWORK_PROBE_HTTP, android.net.ConnectivityDiagnosticsManager.ConnectivityReport.NETWORK_PROBE_HTTPS, android.net.ConnectivityDiagnosticsManager.ConnectivityReport.NETWORK_PROBE_FALLBACK, android.net.ConnectivityDiagnosticsManager.ConnectivityReport.NETWORK_PROBE_PRIVATE_DNS}" />
    </annotation>
  </item>
  <item name="android.net.ConnectivityDiagnosticsManager.ConnectivityReport KEY_NETWORK_VALIDATION_RESULT">
    <annotation name="androidx.annotation.IntDef">
      <val name="value" val="{android.net.ConnectivityDiagnosticsManager.ConnectivityReport.NETWORK_VALIDATION_RESULT_INVALID, android.net.ConnectivityDiagnosticsManager.ConnectivityReport.NETWORK_VALIDATION_RESULT_VALID, android.net.ConnectivityDiagnosticsManager.ConnectivityReport.NETWORK_VALIDATION_RESULT_PARTIALLY_VALID, android.net.ConnectivityDiagnosticsManager.ConnectivityReport.NETWORK_VALIDATION_RESULT_SKIPPED}" />
    </annotation>
  </item>
  <item name="android.net.ConnectivityDiagnosticsManager.DataStallReport DataStallReport(android.net.Network, long, int, android.net.LinkProperties, android.net.NetworkCapabilities, android.os.PersistableBundle) 2">
    <annotation name="androidx.annotation.IntDef">
      <val name="value" val="{android.net.ConnectivityDiagnosticsManager.DataStallReport.DETECTION_METHOD_DNS_EVENTS, android.net.ConnectivityDiagnosticsManager.DataStallReport.DETECTION_METHOD_TCP_METRICS}" />
    </annotation>
  </item>
  <item name="android.net.ConnectivityManager android.net.LinkProperties getLinkProperties(android.net.Network)">
    <annotation name="androidx.annotation.RequiresPermission">
      <val name="value" val="&quot;android.permission.ACCESS_NETWORK_STATE&quot;" />
    </annotation>
  </item>
  <item name="android.net.ConnectivityManager android.net.LinkProperties getRedactedLinkPropertiesForPackage(android.net.LinkProperties, int, java.lang.String)">
    <annotation name="androidx.annotation.RequiresPermission">
      <val name="anyOf" val="{&quot;android.permission.MAINLINE_NETWORK_STACK&quot;, &quot;android.permission.NETWORK_STACK&quot;, &quot;android.permission.NETWORK_SETTINGS&quot;}" />
    </annotation>
  </item>
  <item name="android.net.ConnectivityManager android.net.Network getActiveNetwork()">
    <annotation name="androidx.annotation.RequiresPermission">
      <val name="value" val="&quot;android.permission.ACCESS_NETWORK_STATE&quot;" />
    </annotation>
  </item>
  <item name="android.net.ConnectivityManager android.net.NetworkCapabilities getNetworkCapabilities(android.net.Network)">
    <annotation name="androidx.annotation.RequiresPermission">
      <val name="value" val="&quot;android.permission.ACCESS_NETWORK_STATE&quot;" />
    </annotation>
  </item>
  <item name="android.net.ConnectivityManager android.net.NetworkCapabilities getRedactedNetworkCapabilitiesForPackage(android.net.NetworkCapabilities, int, java.lang.String)">
    <annotation name="androidx.annotation.RequiresPermission">
      <val name="anyOf" val="{&quot;android.permission.MAINLINE_NETWORK_STACK&quot;, &quot;android.permission.NETWORK_STACK&quot;, &quot;android.permission.NETWORK_SETTINGS&quot;}" />
    </annotation>
  </item>
  <item name="android.net.ConnectivityManager android.net.NetworkInfo getActiveNetworkInfo()">
    <annotation name="androidx.annotation.RequiresPermission">
      <val name="value" val="&quot;android.permission.ACCESS_NETWORK_STATE&quot;" />
    </annotation>
  </item>
  <item name="android.net.ConnectivityManager android.net.NetworkInfo getNetworkInfo(android.net.Network)">
    <annotation name="androidx.annotation.RequiresPermission">
      <val name="value" val="&quot;android.permission.ACCESS_NETWORK_STATE&quot;" />
    </annotation>
  </item>
  <item name="android.net.ConnectivityManager android.net.NetworkInfo getNetworkInfo(int)">
    <annotation name="androidx.annotation.RequiresPermission">
      <val name="value" val="&quot;android.permission.ACCESS_NETWORK_STATE&quot;" />
    </annotation>
  </item>
  <item name="android.net.ConnectivityManager android.net.NetworkInfo[] getAllNetworkInfo()">
    <annotation name="androidx.annotation.RequiresPermission">
      <val name="value" val="&quot;android.permission.ACCESS_NETWORK_STATE&quot;" />
    </annotation>
  </item>
  <item name="android.net.ConnectivityManager android.net.Network[] getAllNetworks()">
    <annotation name="androidx.annotation.RequiresPermission">
      <val name="value" val="&quot;android.permission.ACCESS_NETWORK_STATE&quot;" />
    </annotation>
  </item>
  <item name="android.net.ConnectivityManager android.net.SocketKeepalive createNattKeepalive(android.net.Network, android.os.ParcelFileDescriptor, java.net.InetAddress, java.net.InetAddress, java.util.concurrent.Executor, android.net.SocketKeepalive.Callback)">
    <annotation name="androidx.annotation.RequiresPermission">
      <val name="value" val="&quot;android.permission.PACKET_KEEPALIVE_OFFLOAD&quot;" />
    </annotation>
  </item>
  <item name="android.net.ConnectivityManager android.net.SocketKeepalive createSocketKeepalive(android.net.Network, java.net.Socket, java.util.concurrent.Executor, android.net.SocketKeepalive.Callback)">
    <annotation name="androidx.annotation.RequiresPermission">
      <val name="value" val="&quot;android.permission.PACKET_KEEPALIVE_OFFLOAD&quot;" />
    </annotation>
  </item>
  <item name="android.net.ConnectivityManager boolean isActiveNetworkMetered()">
    <annotation name="androidx.annotation.RequiresPermission">
      <val name="value" val="&quot;android.permission.ACCESS_NETWORK_STATE&quot;" />
    </annotation>
  </item>
  <item name="android.net.ConnectivityManager boolean isTetheringSupported()">
    <annotation name="androidx.annotation.RequiresPermission">
      <val name="anyOf" val="{&quot;android.permission.TETHER_PRIVILEGED&quot;, &quot;android.permission.WRITE_SETTINGS&quot;}" />
    </annotation>
  </item>
  <item name="android.net.ConnectivityManager boolean isUidNetworkingBlocked(int, boolean)">
    <annotation name="androidx.annotation.RequiresPermission">
      <val name="value" val="&quot;android.permission.MAINLINE_NETWORK_STACK&quot;" />
    </annotation>
  </item>
  <item name="android.net.ConnectivityManager boolean shouldAvoidBadWifi()">
    <annotation name="androidx.annotation.RequiresPermission">
      <val name="anyOf" val="{&quot;android.permission.MAINLINE_NETWORK_STACK&quot;, &quot;android.permission.NETWORK_STACK&quot;}" />
    </annotation>
  </item>
  <item name="android.net.ConnectivityManager int getMultipathPreference(android.net.Network)">
    <annotation name="androidx.annotation.RequiresPermission">
      <val name="value" val="&quot;android.permission.ACCESS_NETWORK_STATE&quot;" />
    </annotation>
    <annotation name="androidx.annotation.IntDef">
      <val name="value" val="{android.net.ConnectivityManager.MULTIPATH_PREFERENCE_HANDOVER, android.net.ConnectivityManager.MULTIPATH_PREFERENCE_RELIABILITY, android.net.ConnectivityManager.MULTIPATH_PREFERENCE_PERFORMANCE}" />
      <val name="flag" val="true" />
    </annotation>
  </item>
  <item name="android.net.ConnectivityManager int getNetworkPreference()">
    <annotation name="androidx.annotation.RequiresPermission">
      <val name="value" val="&quot;android.permission.ACCESS_NETWORK_STATE&quot;" />
    </annotation>
  </item>
  <item name="android.net.ConnectivityManager int getRestrictBackgroundStatus()">
    <annotation name="androidx.annotation.IntDef">
      <val name="value" val="{android.net.ConnectivityManager.RESTRICT_BACKGROUND_STATUS_DISABLED, android.net.ConnectivityManager.RESTRICT_BACKGROUND_STATUS_WHITELISTED, android.net.ConnectivityManager.RESTRICT_BACKGROUND_STATUS_ENABLED}" />
      <val name="flag" val="false" />
    </annotation>
  </item>
  <item name="android.net.ConnectivityManager int registerNetworkProvider(android.net.NetworkProvider)">
    <annotation name="androidx.annotation.RequiresPermission">
      <val name="anyOf" val="{&quot;android.permission.MAINLINE_NETWORK_STACK&quot;, &quot;android.permission.NETWORK_FACTORY&quot;}" />
    </annotation>
  </item>
  <item name="android.net.ConnectivityManager java.lang.String getCaptivePortalServerUrl()">
    <annotation name="androidx.annotation.RequiresPermission">
      <val name="value" val="&quot;android.permission.NETWORK_SETTINGS&quot;" />
    </annotation>
  </item>
  <item name="android.net.ConnectivityManager java.util.List&lt;android.net.NetworkStateSnapshot&gt; getAllNetworkStateSnapshots()">
    <annotation name="androidx.annotation.RequiresPermission">
      <val name="anyOf" val="{&quot;android.permission.MAINLINE_NETWORK_STACK&quot;, &quot;android.permission.NETWORK_STACK&quot;, &quot;android.permission.NETWORK_SETTINGS&quot;}" />
    </annotation>
  </item>
  <item name="android.net.ConnectivityManager void addUidToMeteredNetworkAllowList(int)">
    <annotation name="androidx.annotation.RequiresPermission">
      <val name="anyOf" val="{&quot;android.permission.NETWORK_SETTINGS&quot;, &quot;android.permission.NETWORK_STACK&quot;, &quot;android.permission.MAINLINE_NETWORK_STACK&quot;}" />
    </annotation>
  </item>
  <item name="android.net.ConnectivityManager void addUidToMeteredNetworkDenyList(int)">
    <annotation name="androidx.annotation.RequiresPermission">
      <val name="anyOf" val="{&quot;android.permission.NETWORK_SETTINGS&quot;, &quot;android.permission.NETWORK_STACK&quot;, &quot;android.permission.MAINLINE_NETWORK_STACK&quot;}" />
    </annotation>
  </item>
  <item name="android.net.ConnectivityManager void factoryReset()">
    <annotation name="androidx.annotation.RequiresPermission">
      <val name="anyOf" val="{&quot;android.permission.NETWORK_SETTINGS&quot;, &quot;android.permission.MAINLINE_NETWORK_STACK&quot;}" />
    </annotation>
  </item>
  <item name="android.net.ConnectivityManager void getLatestTetheringEntitlementResult(int, boolean, java.util.concurrent.Executor, android.net.ConnectivityManager.OnTetheringEntitlementResultListener)">
    <annotation name="androidx.annotation.RequiresPermission">
      <val name="value" val="&quot;android.permission.TETHER_PRIVILEGED&quot;" />
    </annotation>
  </item>
  <item name="android.net.ConnectivityManager void registerDefaultNetworkCallback(android.net.ConnectivityManager.NetworkCallback)">
    <annotation name="androidx.annotation.RequiresPermission">
      <val name="value" val="&quot;android.permission.ACCESS_NETWORK_STATE&quot;" />
    </annotation>
  </item>
  <item name="android.net.ConnectivityManager void registerDefaultNetworkCallback(android.net.ConnectivityManager.NetworkCallback, android.os.Handler)">
    <annotation name="androidx.annotation.RequiresPermission">
      <val name="value" val="&quot;android.permission.ACCESS_NETWORK_STATE&quot;" />
    </annotation>
  </item>
  <item name="android.net.ConnectivityManager void registerDefaultNetworkCallbackForUid(int, android.net.ConnectivityManager.NetworkCallback, android.os.Handler)">
    <annotation name="androidx.annotation.RequiresPermission">
      <val name="anyOf" val="{&quot;android.permission.MAINLINE_NETWORK_STACK&quot;, &quot;android.permission.NETWORK_SETTINGS&quot;}" />
    </annotation>
  </item>
  <item name="android.net.ConnectivityManager void registerNetworkCallback(android.net.NetworkRequest, android.app.PendingIntent)">
    <annotation name="androidx.annotation.RequiresPermission">
      <val name="value" val="&quot;android.permission.ACCESS_NETWORK_STATE&quot;" />
    </annotation>
  </item>
  <item name="android.net.ConnectivityManager void registerNetworkCallback(android.net.NetworkRequest, android.net.ConnectivityManager.NetworkCallback)">
    <annotation name="androidx.annotation.RequiresPermission">
      <val name="value" val="&quot;android.permission.ACCESS_NETWORK_STATE&quot;" />
    </annotation>
  </item>
  <item name="android.net.ConnectivityManager void registerNetworkCallback(android.net.NetworkRequest, android.net.ConnectivityManager.NetworkCallback, android.os.Handler)">
    <annotation name="androidx.annotation.RequiresPermission">
      <val name="value" val="&quot;android.permission.ACCESS_NETWORK_STATE&quot;" />
    </annotation>
  </item>
  <item name="android.net.ConnectivityManager void registerSystemDefaultNetworkCallback(android.net.ConnectivityManager.NetworkCallback, android.os.Handler)">
    <annotation name="androidx.annotation.RequiresPermission">
      <val name="anyOf" val="{&quot;android.permission.MAINLINE_NETWORK_STACK&quot;, &quot;android.permission.NETWORK_SETTINGS&quot;, &quot;android.permission.NETWORK_SETUP_WIZARD&quot;, &quot;android.permission.CONNECTIVITY_USE_RESTRICTED_NETWORKS&quot;}" />
    </annotation>
  </item>
  <item name="android.net.ConnectivityManager void registerTetheringEventCallback(java.util.concurrent.Executor, android.net.ConnectivityManager.OnTetheringEventCallback)">
    <annotation name="androidx.annotation.RequiresPermission">
      <val name="value" val="&quot;android.permission.TETHER_PRIVILEGED&quot;" />
    </annotation>
  </item>
  <item name="android.net.ConnectivityManager void removeUidFromMeteredNetworkAllowList(int)">
    <annotation name="androidx.annotation.RequiresPermission">
      <val name="anyOf" val="{&quot;android.permission.NETWORK_SETTINGS&quot;, &quot;android.permission.NETWORK_STACK&quot;, &quot;android.permission.MAINLINE_NETWORK_STACK&quot;}" />
    </annotation>
  </item>
  <item name="android.net.ConnectivityManager void removeUidFromMeteredNetworkDenyList(int)">
    <annotation name="androidx.annotation.RequiresPermission">
      <val name="anyOf" val="{&quot;android.permission.NETWORK_SETTINGS&quot;, &quot;android.permission.NETWORK_STACK&quot;, &quot;android.permission.MAINLINE_NETWORK_STACK&quot;}" />
    </annotation>
  </item>
  <item name="android.net.ConnectivityManager void replaceFirewallChain(int, int[])">
    <annotation name="androidx.annotation.RequiresPermission">
      <val name="anyOf" val="{&quot;android.permission.NETWORK_SETTINGS&quot;, &quot;android.permission.NETWORK_STACK&quot;, &quot;android.permission.MAINLINE_NETWORK_STACK&quot;}" />
    </annotation>
  </item>
  <item name="android.net.ConnectivityManager void replaceFirewallChain(int, int[]) 0">
    <annotation name="androidx.annotation.IntDef">
      <val name="value" val="{android.net.ConnectivityManager.FIREWALL_CHAIN_DOZABLE, android.net.ConnectivityManager.FIREWALL_CHAIN_STANDBY, android.net.ConnectivityManager.FIREWALL_CHAIN_POWERSAVE, android.net.ConnectivityManager.FIREWALL_CHAIN_RESTRICTED, android.net.ConnectivityManager.FIREWALL_CHAIN_LOW_POWER_STANDBY, android.net.ConnectivityManager.FIREWALL_CHAIN_BACKGROUND, android.net.ConnectivityManager.FIREWALL_CHAIN_OEM_DENY_1, android.net.ConnectivityManager.FIREWALL_CHAIN_OEM_DENY_2, android.net.ConnectivityManager.FIREWALL_CHAIN_OEM_DENY_3}" />
      <val name="flag" val="false" />
    </annotation>
  </item>
  <item name="android.net.ConnectivityManager void requestBackgroundNetwork(android.net.NetworkRequest, android.net.ConnectivityManager.NetworkCallback, android.os.Handler)">
    <annotation name="androidx.annotation.RequiresPermission">
      <val name="anyOf" val="{&quot;android.permission.NETWORK_SETTINGS&quot;, &quot;android.permission.NETWORK_STACK&quot;, &quot;android.permission.MAINLINE_NETWORK_STACK&quot;}" />
    </annotation>
  </item>
  <item name="android.net.ConnectivityManager void requestNetwork(android.net.NetworkRequest, int, int, android.os.Handler, android.net.ConnectivityManager.NetworkCallback)">
    <annotation name="androidx.annotation.RequiresPermission">
      <val name="value" val="&quot;android.permission.MAINLINE_NETWORK_STACK&quot;" />
    </annotation>
  </item>
  <item name="android.net.ConnectivityManager void setAcceptPartialConnectivity(android.net.Network, boolean, boolean)">
    <annotation name="androidx.annotation.RequiresPermission">
      <val name="anyOf" val="{&quot;android.permission.NETWORK_SETTINGS&quot;, &quot;android.permission.NETWORK_SETUP_WIZARD&quot;, &quot;android.permission.NETWORK_STACK&quot;, &quot;android.permission.MAINLINE_NETWORK_STACK&quot;}" />
    </annotation>
  </item>
  <item name="android.net.ConnectivityManager void setAcceptUnvalidated(android.net.Network, boolean, boolean)">
    <annotation name="androidx.annotation.RequiresPermission">
      <val name="anyOf" val="{&quot;android.permission.NETWORK_SETTINGS&quot;, &quot;android.permission.NETWORK_SETUP_WIZARD&quot;, &quot;android.permission.NETWORK_STACK&quot;, &quot;android.permission.MAINLINE_NETWORK_STACK&quot;}" />
    </annotation>
  </item>
  <item name="android.net.ConnectivityManager void setAirplaneMode(boolean)">
    <annotation name="androidx.annotation.RequiresPermission">
      <val name="anyOf" val="{&quot;android.permission.NETWORK_AIRPLANE_MODE&quot;, &quot;android.permission.NETWORK_SETTINGS&quot;, &quot;android.permission.NETWORK_SETUP_WIZARD&quot;, &quot;android.permission.NETWORK_STACK&quot;}" />
    </annotation>
  </item>
  <item name="android.net.ConnectivityManager void setAvoidUnvalidated(android.net.Network)">
    <annotation name="androidx.annotation.RequiresPermission">
      <val name="anyOf" val="{&quot;android.permission.NETWORK_SETTINGS&quot;, &quot;android.permission.NETWORK_SETUP_WIZARD&quot;, &quot;android.permission.NETWORK_STACK&quot;, &quot;android.permission.MAINLINE_NETWORK_STACK&quot;}" />
    </annotation>
  </item>
  <item name="android.net.ConnectivityManager void setDataSaverEnabled(boolean)">
    <annotation name="androidx.annotation.RequiresPermission">
      <val name="anyOf" val="{&quot;android.permission.NETWORK_SETTINGS&quot;, &quot;android.permission.NETWORK_STACK&quot;, &quot;android.permission.MAINLINE_NETWORK_STACK&quot;}" />
    </annotation>
  </item>
  <item name="android.net.ConnectivityManager void setFirewallChainEnabled(int, boolean)">
    <annotation name="androidx.annotation.RequiresPermission">
      <val name="anyOf" val="{&quot;android.permission.NETWORK_SETTINGS&quot;, &quot;android.permission.NETWORK_STACK&quot;, &quot;android.permission.MAINLINE_NETWORK_STACK&quot;}" />
    </annotation>
  </item>
  <item name="android.net.ConnectivityManager void setFirewallChainEnabled(int, boolean) 0">
    <annotation name="androidx.annotation.IntDef">
      <val name="value" val="{android.net.ConnectivityManager.FIREWALL_CHAIN_DOZABLE, android.net.ConnectivityManager.FIREWALL_CHAIN_STANDBY, android.net.ConnectivityManager.FIREWALL_CHAIN_POWERSAVE, android.net.ConnectivityManager.FIREWALL_CHAIN_RESTRICTED, android.net.ConnectivityManager.FIREWALL_CHAIN_LOW_POWER_STANDBY, android.net.ConnectivityManager.FIREWALL_CHAIN_BACKGROUND, android.net.ConnectivityManager.FIREWALL_CHAIN_OEM_DENY_1, android.net.ConnectivityManager.FIREWALL_CHAIN_OEM_DENY_2, android.net.ConnectivityManager.FIREWALL_CHAIN_OEM_DENY_3}" />
      <val name="flag" val="false" />
    </annotation>
  </item>
  <item name="android.net.ConnectivityManager void setGlobalProxy(android.net.ProxyInfo)">
    <annotation name="androidx.annotation.RequiresPermission">
      <val name="value" val="&quot;android.permission.NETWORK_STACK&quot;" />
    </annotation>
  </item>
  <item name="android.net.ConnectivityManager void setLegacyLockdownVpnEnabled(boolean)">
    <annotation name="androidx.annotation.RequiresPermission">
      <val name="anyOf" val="{&quot;android.permission.MAINLINE_NETWORK_STACK&quot;, &quot;android.permission.NETWORK_STACK&quot;, &quot;android.permission.NETWORK_SETTINGS&quot;}" />
    </annotation>
  </item>
  <item name="android.net.ConnectivityManager void setOemNetworkPreference(android.net.OemNetworkPreferences, java.util.concurrent.Executor, java.lang.Runnable)">
    <annotation name="androidx.annotation.RequiresPermission">
      <val name="value" val="&quot;android.permission.CONTROL_OEM_PAID_NETWORK_PREFERENCE&quot;" />
    </annotation>
  </item>
  <item name="android.net.ConnectivityManager void setProfileNetworkPreference(android.os.UserHandle, int, java.util.concurrent.Executor, java.lang.Runnable)">
    <annotation name="androidx.annotation.RequiresPermission">
      <val name="value" val="&quot;android.permission.NETWORK_STACK&quot;" />
    </annotation>
  </item>
  <item name="android.net.ConnectivityManager void setProfileNetworkPreference(android.os.UserHandle, int, java.util.concurrent.Executor, java.lang.Runnable) 1">
    <annotation name="androidx.annotation.IntDef">
      <val name="value" val="{android.net.ConnectivityManager.PROFILE_NETWORK_PREFERENCE_DEFAULT, android.net.ConnectivityManager.PROFILE_NETWORK_PREFERENCE_ENTERPRISE, android.net.ConnectivityManager.PROFILE_NETWORK_PREFERENCE_ENTERPRISE_NO_FALLBACK}" />
    </annotation>
  </item>
  <item name="android.net.ConnectivityManager void setProfileNetworkPreferences(android.os.UserHandle, java.util.List&lt;android.net.ProfileNetworkPreference&gt;, java.util.concurrent.Executor, java.lang.Runnable)">
    <annotation name="androidx.annotation.RequiresPermission">
      <val name="value" val="&quot;android.permission.NETWORK_STACK&quot;" />
    </annotation>
  </item>
  <item name="android.net.ConnectivityManager void setRequireVpnForUids(boolean, java.util.Collection&lt;android.util.Range&lt;java.lang.Integer&gt;&gt;)">
    <annotation name="androidx.annotation.RequiresPermission">
      <val name="anyOf" val="{&quot;android.permission.MAINLINE_NETWORK_STACK&quot;, &quot;android.permission.NETWORK_STACK&quot;, &quot;android.permission.NETWORK_SETTINGS&quot;}" />
    </annotation>
  </item>
  <item name="android.net.ConnectivityManager void setUidFirewallRule(int, int, int)">
    <annotation name="androidx.annotation.RequiresPermission">
      <val name="anyOf" val="{&quot;android.permission.NETWORK_SETTINGS&quot;, &quot;android.permission.NETWORK_STACK&quot;, &quot;android.permission.MAINLINE_NETWORK_STACK&quot;}" />
    </annotation>
  </item>
  <item name="android.net.ConnectivityManager void setUidFirewallRule(int, int, int) 0">
    <annotation name="androidx.annotation.IntDef">
      <val name="value" val="{android.net.ConnectivityManager.FIREWALL_CHAIN_DOZABLE, android.net.ConnectivityManager.FIREWALL_CHAIN_STANDBY, android.net.ConnectivityManager.FIREWALL_CHAIN_POWERSAVE, android.net.ConnectivityManager.FIREWALL_CHAIN_RESTRICTED, android.net.ConnectivityManager.FIREWALL_CHAIN_LOW_POWER_STANDBY, android.net.ConnectivityManager.FIREWALL_CHAIN_BACKGROUND, android.net.ConnectivityManager.FIREWALL_CHAIN_OEM_DENY_1, android.net.ConnectivityManager.FIREWALL_CHAIN_OEM_DENY_2, android.net.ConnectivityManager.FIREWALL_CHAIN_OEM_DENY_3}" />
      <val name="flag" val="false" />
    </annotation>
  </item>
  <item name="android.net.ConnectivityManager void setUidFirewallRule(int, int, int) 2">
    <annotation name="androidx.annotation.IntDef">
      <val name="value" val="{android.net.ConnectivityManager.FIREWALL_RULE_DEFAULT, android.net.ConnectivityManager.FIREWALL_RULE_ALLOW, android.net.ConnectivityManager.FIREWALL_RULE_DENY}" />
      <val name="flag" val="false" />
    </annotation>
  </item>
  <item name="android.net.ConnectivityManager void setVpnDefaultForUids(java.lang.String, java.util.Collection&lt;android.util.Range&lt;java.lang.Integer&gt;&gt;)">
    <annotation name="androidx.annotation.RequiresPermission">
      <val name="anyOf" val="{&quot;android.permission.MAINLINE_NETWORK_STACK&quot;, &quot;android.permission.NETWORK_STACK&quot;, &quot;android.permission.NETWORK_SETTINGS&quot;}" />
    </annotation>
  </item>
  <item name="android.net.ConnectivityManager void simulateDataStall(int, long, android.net.Network, android.os.PersistableBundle)">
    <annotation name="androidx.annotation.RequiresPermission">
      <val name="anyOf" val="{&quot;android.permission.MANAGE_TEST_NETWORKS&quot;, &quot;android.permission.NETWORK_STACK&quot;}" />
    </annotation>
  </item>
  <item name="android.net.ConnectivityManager void simulateDataStall(int, long, android.net.Network, android.os.PersistableBundle) 0">
    <annotation name="androidx.annotation.IntDef">
      <val name="value" val="{android.net.ConnectivityDiagnosticsManager.DataStallReport.DETECTION_METHOD_DNS_EVENTS, android.net.ConnectivityDiagnosticsManager.DataStallReport.DETECTION_METHOD_TCP_METRICS}" />
    </annotation>
  </item>
  <item name="android.net.ConnectivityManager void startCaptivePortalApp(android.net.Network)">
    <annotation name="androidx.annotation.RequiresPermission">
      <val name="anyOf" val="{&quot;android.permission.NETWORK_SETTINGS&quot;, &quot;android.permission.NETWORK_STACK&quot;, &quot;android.permission.MAINLINE_NETWORK_STACK&quot;}" />
    </annotation>
  </item>
  <item name="android.net.ConnectivityManager void startCaptivePortalApp(android.net.Network, android.os.Bundle)">
    <annotation name="androidx.annotation.RequiresPermission">
      <val name="value" val="&quot;android.permission.MAINLINE_NETWORK_STACK&quot;" />
    </annotation>
  </item>
  <item name="android.net.ConnectivityManager void startTethering(int, boolean, android.net.ConnectivityManager.OnStartTetheringCallback)">
    <annotation name="androidx.annotation.RequiresPermission">
      <val name="value" val="&quot;android.permission.TETHER_PRIVILEGED&quot;" />
    </annotation>
  </item>
  <item name="android.net.ConnectivityManager void startTethering(int, boolean, android.net.ConnectivityManager.OnStartTetheringCallback, android.os.Handler)">
    <annotation name="androidx.annotation.RequiresPermission">
      <val name="value" val="&quot;android.permission.TETHER_PRIVILEGED&quot;" />
    </annotation>
  </item>
  <item name="android.net.ConnectivityManager void stopTethering(int)">
    <annotation name="androidx.annotation.RequiresPermission">
      <val name="value" val="&quot;android.permission.TETHER_PRIVILEGED&quot;" />
    </annotation>
  </item>
  <item name="android.net.ConnectivityManager void unregisterNetworkProvider(android.net.NetworkProvider)">
    <annotation name="androidx.annotation.RequiresPermission">
      <val name="anyOf" val="{&quot;android.permission.MAINLINE_NETWORK_STACK&quot;, &quot;android.permission.NETWORK_FACTORY&quot;}" />
    </annotation>
  </item>
  <item name="android.net.ConnectivityManager void unregisterTetheringEventCallback(android.net.ConnectivityManager.OnTetheringEventCallback)">
    <annotation name="androidx.annotation.RequiresPermission">
      <val name="value" val="&quot;android.permission.TETHER_PRIVILEGED&quot;" />
    </annotation>
  </item>
  <item name="android.net.ConnectivityManager.NetworkCallback NetworkCallback(int) 0">
    <annotation name="androidx.annotation.IntDef">
      <val name="value" val="{android.net.ConnectivityManager.NetworkCallback.FLAG_INCLUDE_LOCATION_INFO}" />
      <val name="flag" val="true" />
    </annotation>
  </item>
  <item name="android.net.ConnectivityManager.NetworkCallback void onBlockedStatusChanged(android.net.Network, int) 1">
    <annotation name="androidx.annotation.IntDef">
      <val name="value" val="{android.net.ConnectivityManager.BLOCKED_REASON_NONE, android.net.ConnectivityManager.BLOCKED_REASON_BATTERY_SAVER, android.net.ConnectivityManager.BLOCKED_REASON_DOZE, android.net.ConnectivityManager.BLOCKED_REASON_APP_STANDBY, android.net.ConnectivityManager.BLOCKED_REASON_RESTRICTED_MODE, android.net.ConnectivityManager.BLOCKED_REASON_LOCKDOWN_VPN, android.net.ConnectivityManager.BLOCKED_REASON_LOW_POWER_STANDBY, android.net.ConnectivityManager.BLOCKED_REASON_APP_BACKGROUND, android.net.ConnectivityManager.BLOCKED_METERED_REASON_DATA_SAVER, android.net.ConnectivityManager.BLOCKED_METERED_REASON_USER_RESTRICTED, android.net.ConnectivityManager.BLOCKED_METERED_REASON_ADMIN_DISABLED}" />
      <val name="flag" val="true" />
    </annotation>
  </item>
  <item name="android.net.ConnectivityManager.OnTetheringEntitlementResultListener void onTetheringEntitlementResult(int) 0">
    <annotation name="androidx.annotation.IntDef">
      <val name="value" val="{android.net.ConnectivityManager.TETHER_ERROR_NO_ERROR, android.net.ConnectivityManager.TETHER_ERROR_PROVISION_FAILED, android.net.ConnectivityManager.TETHER_ERROR_ENTITLEMENT_UNKONWN}" />
    </annotation>
  </item>
  <item name="android.net.ConnectivitySettingsManager int getCaptivePortalMode(android.content.Context, int)">
    <annotation name="androidx.annotation.IntDef">
      <val name="value" val="{android.net.ConnectivitySettingsManager.CAPTIVE_PORTAL_MODE_IGNORE, android.net.ConnectivitySettingsManager.CAPTIVE_PORTAL_MODE_PROMPT, android.net.ConnectivitySettingsManager.CAPTIVE_PORTAL_MODE_AVOID}" />
    </annotation>
  </item>
  <item name="android.net.ConnectivitySettingsManager int getCaptivePortalMode(android.content.Context, int) 1">
    <annotation name="androidx.annotation.IntDef">
      <val name="value" val="{android.net.ConnectivitySettingsManager.CAPTIVE_PORTAL_MODE_IGNORE, android.net.ConnectivitySettingsManager.CAPTIVE_PORTAL_MODE_PROMPT, android.net.ConnectivitySettingsManager.CAPTIVE_PORTAL_MODE_AVOID}" />
    </annotation>
  </item>
  <item name="android.net.ConnectivitySettingsManager int getNetworkAvoidBadWifi(android.content.Context)">
    <annotation name="androidx.annotation.IntDef">
      <val name="value" val="{android.net.ConnectivitySettingsManager.NETWORK_AVOID_BAD_WIFI_IGNORE, android.net.ConnectivitySettingsManager.NETWORK_AVOID_BAD_WIFI_PROMPT, android.net.ConnectivitySettingsManager.NETWORK_AVOID_BAD_WIFI_AVOID}" />
    </annotation>
  </item>
  <item name="android.net.ConnectivitySettingsManager int getPrivateDnsMode(android.content.Context)">
    <annotation name="androidx.annotation.IntDef">
      <val name="value" val="{android.net.ConnectivitySettingsManager.PRIVATE_DNS_MODE_OFF, android.net.ConnectivitySettingsManager.PRIVATE_DNS_MODE_OPPORTUNISTIC, android.net.ConnectivitySettingsManager.PRIVATE_DNS_MODE_PROVIDER_HOSTNAME}" />
    </annotation>
  </item>
  <item name="android.net.ConnectivitySettingsManager java.lang.String getPrivateDnsDefaultMode(android.content.Context)">
    <annotation name="androidx.annotation.IntDef">
      <val name="value" val="{android.net.ConnectivitySettingsManager.PRIVATE_DNS_MODE_OFF, android.net.ConnectivitySettingsManager.PRIVATE_DNS_MODE_OPPORTUNISTIC, android.net.ConnectivitySettingsManager.PRIVATE_DNS_MODE_PROVIDER_HOSTNAME}" />
    </annotation>
  </item>
  <item name="android.net.ConnectivitySettingsManager void setCaptivePortalMode(android.content.Context, int) 1">
    <annotation name="androidx.annotation.IntDef">
      <val name="value" val="{android.net.ConnectivitySettingsManager.CAPTIVE_PORTAL_MODE_IGNORE, android.net.ConnectivitySettingsManager.CAPTIVE_PORTAL_MODE_PROMPT, android.net.ConnectivitySettingsManager.CAPTIVE_PORTAL_MODE_AVOID}" />
    </annotation>
  </item>
  <item name="android.net.ConnectivitySettingsManager void setDnsResolverSuccessThresholdPercent(android.content.Context, int) 1">
    <annotation name="androidx.annotation.IntRange">
      <val name="from" val="0" />
      <val name="to" val="100" />
    </annotation>
  </item>
  <item name="android.net.ConnectivitySettingsManager void setIngressRateLimitInBytesPerSecond(android.content.Context, long) 1">
    <annotation name="androidx.annotation.IntRange">
      <val name="from" val="-1" />
      <val name="to" val="4294967295" />
    </annotation>
  </item>
  <item name="android.net.ConnectivitySettingsManager void setNetworkAvoidBadWifi(android.content.Context, int) 1">
    <annotation name="androidx.annotation.IntDef">
      <val name="value" val="{android.net.ConnectivitySettingsManager.NETWORK_AVOID_BAD_WIFI_IGNORE, android.net.ConnectivitySettingsManager.NETWORK_AVOID_BAD_WIFI_PROMPT, android.net.ConnectivitySettingsManager.NETWORK_AVOID_BAD_WIFI_AVOID}" />
    </annotation>
  </item>
  <item name="android.net.ConnectivitySettingsManager void setNetworkMeteredMultipathPreference(android.content.Context, java.lang.String) 1">
    <annotation name="androidx.annotation.IntDef">
      <val name="value" val="{android.net.ConnectivityManager.MULTIPATH_PREFERENCE_HANDOVER, android.net.ConnectivityManager.MULTIPATH_PREFERENCE_RELIABILITY, android.net.ConnectivityManager.MULTIPATH_PREFERENCE_PERFORMANCE}" />
      <val name="flag" val="true" />
    </annotation>
  </item>
  <item name="android.net.ConnectivitySettingsManager void setNetworkSwitchNotificationMaximumDailyCount(android.content.Context, int) 1">
    <annotation name="androidx.annotation.IntRange">
      <val name="from" val="0" />
    </annotation>
  </item>
  <item name="android.net.ConnectivitySettingsManager void setPrivateDnsDefaultMode(android.content.Context, int) 1">
    <annotation name="androidx.annotation.IntDef">
      <val name="value" val="{android.net.ConnectivitySettingsManager.PRIVATE_DNS_MODE_OFF, android.net.ConnectivitySettingsManager.PRIVATE_DNS_MODE_OPPORTUNISTIC, android.net.ConnectivitySettingsManager.PRIVATE_DNS_MODE_PROVIDER_HOSTNAME}" />
    </annotation>
  </item>
  <item name="android.net.ConnectivitySettingsManager void setPrivateDnsMode(android.content.Context, int) 1">
    <annotation name="androidx.annotation.IntDef">
      <val name="value" val="{android.net.ConnectivitySettingsManager.PRIVATE_DNS_MODE_OFF, android.net.ConnectivitySettingsManager.PRIVATE_DNS_MODE_OPPORTUNISTIC, android.net.ConnectivitySettingsManager.PRIVATE_DNS_MODE_PROVIDER_HOSTNAME}" />
    </annotation>
  </item>
  <item name="android.net.DnsResolver void query(android.net.Network, java.lang.String, int, int, java.util.concurrent.Executor, android.os.CancellationSignal, android.net.DnsResolver.Callback&lt;? super java.util.List&lt;java.net.InetAddress&gt;&gt;) 2">
    <annotation name="androidx.annotation.IntDef">
      <val name="value" val="{android.net.DnsResolver.TYPE_A, android.net.DnsResolver.TYPE_AAAA}" />
    </annotation>
  </item>
  <item name="android.net.DnsResolver void query(android.net.Network, java.lang.String, int, int, java.util.concurrent.Executor, android.os.CancellationSignal, android.net.DnsResolver.Callback&lt;? super java.util.List&lt;java.net.InetAddress&gt;&gt;) 3">
    <annotation name="androidx.annotation.IntDef">
      <val name="value" val="{android.net.DnsResolver.FLAG_EMPTY, android.net.DnsResolver.FLAG_NO_RETRY, android.net.DnsResolver.FLAG_NO_CACHE_STORE, android.net.DnsResolver.FLAG_NO_CACHE_LOOKUP}" />
    </annotation>
  </item>
  <item name="android.net.DnsResolver void query(android.net.Network, java.lang.String, int, java.util.concurrent.Executor, android.os.CancellationSignal, android.net.DnsResolver.Callback&lt;? super java.util.List&lt;java.net.InetAddress&gt;&gt;) 2">
    <annotation name="androidx.annotation.IntDef">
      <val name="value" val="{android.net.DnsResolver.FLAG_EMPTY, android.net.DnsResolver.FLAG_NO_RETRY, android.net.DnsResolver.FLAG_NO_CACHE_STORE, android.net.DnsResolver.FLAG_NO_CACHE_LOOKUP}" />
    </annotation>
  </item>
  <item name="android.net.DnsResolver void rawQuery(android.net.Network, byte[], int, java.util.concurrent.Executor, android.os.CancellationSignal, android.net.DnsResolver.Callback&lt;? super byte[]&gt;) 2">
    <annotation name="androidx.annotation.IntDef">
      <val name="value" val="{android.net.DnsResolver.FLAG_EMPTY, android.net.DnsResolver.FLAG_NO_RETRY, android.net.DnsResolver.FLAG_NO_CACHE_STORE, android.net.DnsResolver.FLAG_NO_CACHE_LOOKUP}" />
    </annotation>
  </item>
  <item name="android.net.DnsResolver void rawQuery(android.net.Network, java.lang.String, int, int, int, java.util.concurrent.Executor, android.os.CancellationSignal, android.net.DnsResolver.Callback&lt;? super byte[]&gt;) 2">
    <annotation name="androidx.annotation.IntDef">
      <val name="value" val="{android.net.DnsResolver.CLASS_IN}" />
    </annotation>
  </item>
  <item name="android.net.DnsResolver void rawQuery(android.net.Network, java.lang.String, int, int, int, java.util.concurrent.Executor, android.os.CancellationSignal, android.net.DnsResolver.Callback&lt;? super byte[]&gt;) 3">
    <annotation name="androidx.annotation.IntDef">
      <val name="value" val="{android.net.DnsResolver.TYPE_A, android.net.DnsResolver.TYPE_AAAA}" />
    </annotation>
  </item>
  <item name="android.net.DnsResolver void rawQuery(android.net.Network, java.lang.String, int, int, int, java.util.concurrent.Executor, android.os.CancellationSignal, android.net.DnsResolver.Callback&lt;? super byte[]&gt;) 4">
    <annotation name="androidx.annotation.IntDef">
      <val name="value" val="{android.net.DnsResolver.FLAG_EMPTY, android.net.DnsResolver.FLAG_NO_RETRY, android.net.DnsResolver.FLAG_NO_CACHE_STORE, android.net.DnsResolver.FLAG_NO_CACHE_LOOKUP}" />
    </annotation>
  </item>
  <item name="android.net.DnsResolver.DnsException DnsException(int, java.lang.Throwable) 0">
    <annotation name="androidx.annotation.IntDef">
      <val name="value" val="{android.net.DnsResolver.ERROR_PARSE, android.net.DnsResolver.ERROR_SYSTEM}" />
    </annotation>
  </item>
  <item name="android.net.DnsResolver.DnsException code">
    <annotation name="androidx.annotation.IntDef">
      <val name="value" val="{android.net.DnsResolver.ERROR_PARSE, android.net.DnsResolver.ERROR_SYSTEM}" />
    </annotation>
  </item>
  <item name="android.net.InvalidPacketException InvalidPacketException(int) 0">
    <annotation name="androidx.annotation.IntDef">
      <val name="value" val="{android.net.InvalidPacketException.ERROR_INVALID_IP_ADDRESS, android.net.InvalidPacketException.ERROR_INVALID_PORT, android.net.InvalidPacketException.ERROR_INVALID_LENGTH}" />
    </annotation>
  </item>
  <item name="android.net.IpPrefix IpPrefix(java.net.InetAddress, int) 1">
    <annotation name="androidx.annotation.IntRange">
      <val name="from" val="0" />
      <val name="to" val="128" />
    </annotation>
  </item>
  <item name="android.net.IpPrefix int getPrefixLength()">
    <annotation name="androidx.annotation.IntRange">
      <val name="from" val="0" />
      <val name="to" val="128" />
    </annotation>
  </item>
  <item name="android.net.KeepalivePacketData KeepalivePacketData(java.net.InetAddress, int, java.net.InetAddress, int, byte[]) 1">
    <annotation name="androidx.annotation.IntRange">
      <val name="from" val="0" />
      <val name="to" val="65535" />
    </annotation>
  </item>
  <item name="android.net.KeepalivePacketData KeepalivePacketData(java.net.InetAddress, int, java.net.InetAddress, int, byte[]) 3">
    <annotation name="androidx.annotation.IntRange">
      <val name="from" val="0" />
      <val name="to" val="65535" />
    </annotation>
  </item>
  <item name="android.net.LinkAddress LinkAddress(java.net.InetAddress, int) 1">
    <annotation name="androidx.annotation.IntRange">
      <val name="from" val="0" />
      <val name="to" val="128" />
    </annotation>
  </item>
  <item name="android.net.LinkAddress LinkAddress(java.net.InetAddress, int, int, int) 1">
    <annotation name="androidx.annotation.IntRange">
      <val name="from" val="0" />
      <val name="to" val="128" />
    </annotation>
  </item>
  <item name="android.net.LinkAddress LinkAddress(java.net.InetAddress, int, int, int, long, long) 1">
    <annotation name="androidx.annotation.IntRange">
      <val name="from" val="0" />
      <val name="to" val="128" />
    </annotation>
  </item>
  <item name="android.net.LinkAddress int getPrefixLength()">
    <annotation name="androidx.annotation.IntRange">
      <val name="from" val="0" />
      <val name="to" val="128" />
    </annotation>
  </item>
  <item name="android.net.MacAddress int getAddressType()">
    <annotation name="androidx.annotation.IntDef">
      <val name="value" val="{android.net.MacAddress.TYPE_UNICAST, android.net.MacAddress.TYPE_MULTICAST, android.net.MacAddress.TYPE_BROADCAST}" />
    </annotation>
  </item>
  <item name="android.net.NetworkAgent void onDscpPolicyStatusUpdated(int, int) 1">
    <annotation name="androidx.annotation.IntDef">
      <val name="value" val="{android.net.NetworkAgent.DSCP_POLICY_STATUS_SUCCESS, android.net.NetworkAgent.DSCP_POLICY_STATUS_REQUEST_DECLINED, android.net.NetworkAgent.DSCP_POLICY_STATUS_REQUESTED_CLASSIFIER_NOT_SUPPORTED, android.net.NetworkAgent.DSCP_POLICY_STATUS_INSUFFICIENT_PROCESSING_RESOURCES, android.net.NetworkAgent.DSCP_POLICY_STATUS_DELETED}" />
    </annotation>
  </item>
  <item name="android.net.NetworkAgent void onValidationStatus(int, android.net.Uri) 0">
    <annotation name="androidx.annotation.IntDef">
      <val name="value" val="{android.net.NetworkAgent.VALIDATION_STATUS_VALID, android.net.NetworkAgent.VALIDATION_STATUS_NOT_VALID}" />
    </annotation>
  </item>
  <item name="android.net.NetworkAgent void sendNetworkScore(int) 0">
    <annotation name="androidx.annotation.IntRange">
      <val name="from" val="0" />
      <val name="to" val="99" />
    </annotation>
  </item>
  <item name="android.net.NetworkAgent void sendQosCallbackError(int, int) 1">
    <annotation name="androidx.annotation.IntDef">
    </annotation>
  </item>
  <item name="android.net.NetworkAgent void sendSocketKeepaliveEvent(int, int) 1">
    <annotation name="androidx.annotation.IntDef">
      <val name="value" val="{android.net.SocketKeepalive.SUCCESS, android.net.SocketKeepalive.ERROR_INVALID_LENGTH, android.net.SocketKeepalive.ERROR_UNSUPPORTED, android.net.SocketKeepalive.ERROR_INSUFFICIENT_RESOURCES}" />
    </annotation>
  </item>
  <item name="android.net.NetworkAgent void setTeardownDelayMillis(int) 0">
    <annotation name="androidx.annotation.IntRange">
      <val name="from" val="0" />
      <val name="to" val="5000" />
    </annotation>
  </item>
  <item name="android.net.NetworkAgent void unregisterAfterReplacement(int) 0">
    <annotation name="androidx.annotation.IntRange">
      <val name="from" val="0" />
      <val name="to" val="5000" />
    </annotation>
  </item>
  <item name="android.net.NetworkAgentConfig int getLegacyType()">
    <annotation name="androidx.annotation.IntDef">
      <val name="value" val="{android.net.ConnectivityManager.TYPE_NONE, android.net.ConnectivityManager.TYPE_MOBILE, android.net.ConnectivityManager.TYPE_WIFI, android.net.ConnectivityManager.TYPE_MOBILE_MMS, android.net.ConnectivityManager.TYPE_MOBILE_SUPL, android.net.ConnectivityManager.TYPE_MOBILE_DUN, android.net.ConnectivityManager.TYPE_MOBILE_HIPRI, android.net.ConnectivityManager.TYPE_WIMAX, android.net.ConnectivityManager.TYPE_BLUETOOTH, android.net.ConnectivityManager.TYPE_DUMMY, android.net.ConnectivityManager.TYPE_ETHERNET, android.net.ConnectivityManager.TYPE_WIFI_P2P, android.net.ConnectivityManager.TYPE_PROXY, android.net.ConnectivityManager.TYPE_VPN}" />
    </annotation>
  </item>
  <item name="android.net.NetworkCapabilities boolean hasCapability(int) 0">
    <annotation name="androidx.annotation.IntDef">
      <val name="value" val="{android.net.NetworkCapabilities.NET_CAPABILITY_MMS, android.net.NetworkCapabilities.NET_CAPABILITY_SUPL, android.net.NetworkCapabilities.NET_CAPABILITY_DUN, android.net.NetworkCapabilities.NET_CAPABILITY_FOTA, android.net.NetworkCapabilities.NET_CAPABILITY_IMS, android.net.NetworkCapabilities.NET_CAPABILITY_CBS, android.net.NetworkCapabilities.NET_CAPABILITY_WIFI_P2P, android.net.NetworkCapabilities.NET_CAPABILITY_IA, android.net.NetworkCapabilities.NET_CAPABILITY_RCS, android.net.NetworkCapabilities.NET_CAPABILITY_XCAP, android.net.NetworkCapabilities.NET_CAPABILITY_EIMS, android.net.NetworkCapabilities.NET_CAPABILITY_NOT_METERED, android.net.NetworkCapabilities.NET_CAPABILITY_INTERNET, android.net.NetworkCapabilities.NET_CAPABILITY_NOT_RESTRICTED, android.net.NetworkCapabilities.NET_CAPABILITY_TRUSTED, android.net.NetworkCapabilities.NET_CAPABILITY_NOT_VPN, android.net.NetworkCapabilities.NET_CAPABILITY_VALIDATED, android.net.NetworkCapabilities.NET_CAPABILITY_CAPTIVE_PORTAL, android.net.NetworkCapabilities.NET_CAPABILITY_NOT_ROAMING, android.net.NetworkCapabilities.NET_CAPABILITY_FOREGROUND, android.net.NetworkCapabilities.NET_CAPABILITY_NOT_CONGESTED, android.net.NetworkCapabilities.NET_CAPABILITY_NOT_SUSPENDED, android.net.NetworkCapabilities.NET_CAPABILITY_OEM_PAID, android.net.NetworkCapabilities.NET_CAPABILITY_MCX, android.net.NetworkCapabilities.NET_CAPABILITY_PARTIAL_CONNECTIVITY, android.net.NetworkCapabilities.NET_CAPABILITY_TEMPORARILY_NOT_METERED, android.net.NetworkCapabilities.NET_CAPABILITY_OEM_PRIVATE, android.net.NetworkCapabilities.NET_CAPABILITY_VEHICLE_INTERNAL, android.net.NetworkCapabilities.NET_CAPABILITY_NOT_VCN_MANAGED, android.net.NetworkCapabilities.NET_CAPABILITY_ENTERPRISE, android.net.NetworkCapabilities.NET_CAPABILITY_VSIM, android.net.NetworkCapabilities.NET_CAPABILITY_BIP, android.net.NetworkCapabilities.NET_CAPABILITY_HEAD_UNIT, android.net.NetworkCapabilities.NET_CAPABILITY_MMTEL, android.net.NetworkCapabilities.NET_CAPABILITY_PRIORITIZE_LATENCY, android.net.NetworkCapabilities.NET_CAPABILITY_PRIORITIZE_BANDWIDTH}" />
    </annotation>
  </item>
  <item name="android.net.NetworkCapabilities boolean hasEnterpriseId(int) 0">
    <annotation name="androidx.annotation.IntDef">
      <val name="value" val="{android.net.NetworkCapabilities.NET_ENTERPRISE_ID_1, android.net.NetworkCapabilities.NET_ENTERPRISE_ID_2, android.net.NetworkCapabilities.NET_ENTERPRISE_ID_3, android.net.NetworkCapabilities.NET_ENTERPRISE_ID_4, android.net.NetworkCapabilities.NET_ENTERPRISE_ID_5}" />
    </annotation>
  </item>
  <item name="android.net.NetworkCapabilities boolean hasForbiddenCapability(int) 0">
    <annotation name="androidx.annotation.IntDef">
      <val name="value" val="{android.net.NetworkCapabilities.NET_CAPABILITY_MMS, android.net.NetworkCapabilities.NET_CAPABILITY_SUPL, android.net.NetworkCapabilities.NET_CAPABILITY_DUN, android.net.NetworkCapabilities.NET_CAPABILITY_FOTA, android.net.NetworkCapabilities.NET_CAPABILITY_IMS, android.net.NetworkCapabilities.NET_CAPABILITY_CBS, android.net.NetworkCapabilities.NET_CAPABILITY_WIFI_P2P, android.net.NetworkCapabilities.NET_CAPABILITY_IA, android.net.NetworkCapabilities.NET_CAPABILITY_RCS, android.net.NetworkCapabilities.NET_CAPABILITY_XCAP, android.net.NetworkCapabilities.NET_CAPABILITY_EIMS, android.net.NetworkCapabilities.NET_CAPABILITY_NOT_METERED, android.net.NetworkCapabilities.NET_CAPABILITY_INTERNET, android.net.NetworkCapabilities.NET_CAPABILITY_NOT_RESTRICTED, android.net.NetworkCapabilities.NET_CAPABILITY_TRUSTED, android.net.NetworkCapabilities.NET_CAPABILITY_NOT_VPN, android.net.NetworkCapabilities.NET_CAPABILITY_VALIDATED, android.net.NetworkCapabilities.NET_CAPABILITY_CAPTIVE_PORTAL, android.net.NetworkCapabilities.NET_CAPABILITY_NOT_ROAMING, android.net.NetworkCapabilities.NET_CAPABILITY_FOREGROUND, android.net.NetworkCapabilities.NET_CAPABILITY_NOT_CONGESTED, android.net.NetworkCapabilities.NET_CAPABILITY_NOT_SUSPENDED, android.net.NetworkCapabilities.NET_CAPABILITY_OEM_PAID, android.net.NetworkCapabilities.NET_CAPABILITY_MCX, android.net.NetworkCapabilities.NET_CAPABILITY_PARTIAL_CONNECTIVITY, android.net.NetworkCapabilities.NET_CAPABILITY_TEMPORARILY_NOT_METERED, android.net.NetworkCapabilities.NET_CAPABILITY_OEM_PRIVATE, android.net.NetworkCapabilities.NET_CAPABILITY_VEHICLE_INTERNAL, android.net.NetworkCapabilities.NET_CAPABILITY_NOT_VCN_MANAGED, android.net.NetworkCapabilities.NET_CAPABILITY_ENTERPRISE, android.net.NetworkCapabilities.NET_CAPABILITY_VSIM, android.net.NetworkCapabilities.NET_CAPABILITY_BIP, android.net.NetworkCapabilities.NET_CAPABILITY_HEAD_UNIT, android.net.NetworkCapabilities.NET_CAPABILITY_MMTEL, android.net.NetworkCapabilities.NET_CAPABILITY_PRIORITIZE_LATENCY, android.net.NetworkCapabilities.NET_CAPABILITY_PRIORITIZE_BANDWIDTH}" />
    </annotation>
  </item>
  <item name="android.net.NetworkCapabilities boolean hasTransport(int) 0">
    <annotation name="androidx.annotation.IntDef">
      <val name="value" val="{android.net.NetworkCapabilities.TRANSPORT_CELLULAR, android.net.NetworkCapabilities.TRANSPORT_WIFI, android.net.NetworkCapabilities.TRANSPORT_BLUETOOTH, android.net.NetworkCapabilities.TRANSPORT_ETHERNET, android.net.NetworkCapabilities.TRANSPORT_VPN, android.net.NetworkCapabilities.TRANSPORT_WIFI_AWARE, android.net.NetworkCapabilities.TRANSPORT_LOWPAN, android.net.NetworkCapabilities.TRANSPORT_TEST, android.net.NetworkCapabilities.TRANSPORT_USB, android.net.NetworkCapabilities.TRANSPORT_THREAD}" />
    </annotation>
  </item>
  <item name="android.net.NetworkCapabilities int[] getCapabilities()">
    <annotation name="androidx.annotation.IntDef">
      <val name="value" val="{android.net.NetworkCapabilities.NET_CAPABILITY_MMS, android.net.NetworkCapabilities.NET_CAPABILITY_SUPL, android.net.NetworkCapabilities.NET_CAPABILITY_DUN, android.net.NetworkCapabilities.NET_CAPABILITY_FOTA, android.net.NetworkCapabilities.NET_CAPABILITY_IMS, android.net.NetworkCapabilities.NET_CAPABILITY_CBS, android.net.NetworkCapabilities.NET_CAPABILITY_WIFI_P2P, android.net.NetworkCapabilities.NET_CAPABILITY_IA, android.net.NetworkCapabilities.NET_CAPABILITY_RCS, android.net.NetworkCapabilities.NET_CAPABILITY_XCAP, android.net.NetworkCapabilities.NET_CAPABILITY_EIMS, android.net.NetworkCapabilities.NET_CAPABILITY_NOT_METERED, android.net.NetworkCapabilities.NET_CAPABILITY_INTERNET, android.net.NetworkCapabilities.NET_CAPABILITY_NOT_RESTRICTED, android.net.NetworkCapabilities.NET_CAPABILITY_TRUSTED, android.net.NetworkCapabilities.NET_CAPABILITY_NOT_VPN, android.net.NetworkCapabilities.NET_CAPABILITY_VALIDATED, android.net.NetworkCapabilities.NET_CAPABILITY_CAPTIVE_PORTAL, android.net.NetworkCapabilities.NET_CAPABILITY_NOT_ROAMING, android.net.NetworkCapabilities.NET_CAPABILITY_FOREGROUND, android.net.NetworkCapabilities.NET_CAPABILITY_NOT_CONGESTED, android.net.NetworkCapabilities.NET_CAPABILITY_NOT_SUSPENDED, android.net.NetworkCapabilities.NET_CAPABILITY_OEM_PAID, android.net.NetworkCapabilities.NET_CAPABILITY_MCX, android.net.NetworkCapabilities.NET_CAPABILITY_PARTIAL_CONNECTIVITY, android.net.NetworkCapabilities.NET_CAPABILITY_TEMPORARILY_NOT_METERED, android.net.NetworkCapabilities.NET_CAPABILITY_OEM_PRIVATE, android.net.NetworkCapabilities.NET_CAPABILITY_VEHICLE_INTERNAL, android.net.NetworkCapabilities.NET_CAPABILITY_NOT_VCN_MANAGED, android.net.NetworkCapabilities.NET_CAPABILITY_ENTERPRISE, android.net.NetworkCapabilities.NET_CAPABILITY_VSIM, android.net.NetworkCapabilities.NET_CAPABILITY_BIP, android.net.NetworkCapabilities.NET_CAPABILITY_HEAD_UNIT, android.net.NetworkCapabilities.NET_CAPABILITY_MMTEL, android.net.NetworkCapabilities.NET_CAPABILITY_PRIORITIZE_LATENCY, android.net.NetworkCapabilities.NET_CAPABILITY_PRIORITIZE_BANDWIDTH}" />
    </annotation>
  </item>
  <item name="android.net.NetworkCapabilities int[] getEnterpriseIds()">
    <annotation name="androidx.annotation.IntDef">
      <val name="value" val="{android.net.NetworkCapabilities.NET_ENTERPRISE_ID_1, android.net.NetworkCapabilities.NET_ENTERPRISE_ID_2, android.net.NetworkCapabilities.NET_ENTERPRISE_ID_3, android.net.NetworkCapabilities.NET_ENTERPRISE_ID_4, android.net.NetworkCapabilities.NET_ENTERPRISE_ID_5}" />
    </annotation>
  </item>
  <item name="android.net.NetworkCapabilities int[] getTransportTypes()">
    <annotation name="androidx.annotation.IntDef">
      <val name="value" val="{android.net.NetworkCapabilities.TRANSPORT_CELLULAR, android.net.NetworkCapabilities.TRANSPORT_WIFI, android.net.NetworkCapabilities.TRANSPORT_BLUETOOTH, android.net.NetworkCapabilities.TRANSPORT_ETHERNET, android.net.NetworkCapabilities.TRANSPORT_VPN, android.net.NetworkCapabilities.TRANSPORT_WIFI_AWARE, android.net.NetworkCapabilities.TRANSPORT_LOWPAN, android.net.NetworkCapabilities.TRANSPORT_TEST, android.net.NetworkCapabilities.TRANSPORT_USB, android.net.NetworkCapabilities.TRANSPORT_THREAD}" />
    </annotation>
  </item>
  <item name="android.net.NetworkCapabilities java.lang.String getCapabilityCarrierName(int) 0">
    <annotation name="androidx.annotation.IntDef">
      <val name="value" val="{android.net.NetworkCapabilities.NET_CAPABILITY_MMS, android.net.NetworkCapabilities.NET_CAPABILITY_SUPL, android.net.NetworkCapabilities.NET_CAPABILITY_DUN, android.net.NetworkCapabilities.NET_CAPABILITY_FOTA, android.net.NetworkCapabilities.NET_CAPABILITY_IMS, android.net.NetworkCapabilities.NET_CAPABILITY_CBS, android.net.NetworkCapabilities.NET_CAPABILITY_WIFI_P2P, android.net.NetworkCapabilities.NET_CAPABILITY_IA, android.net.NetworkCapabilities.NET_CAPABILITY_RCS, android.net.NetworkCapabilities.NET_CAPABILITY_XCAP, android.net.NetworkCapabilities.NET_CAPABILITY_EIMS, android.net.NetworkCapabilities.NET_CAPABILITY_NOT_METERED, android.net.NetworkCapabilities.NET_CAPABILITY_INTERNET, android.net.NetworkCapabilities.NET_CAPABILITY_NOT_RESTRICTED, android.net.NetworkCapabilities.NET_CAPABILITY_TRUSTED, android.net.NetworkCapabilities.NET_CAPABILITY_NOT_VPN, android.net.NetworkCapabilities.NET_CAPABILITY_VALIDATED, android.net.NetworkCapabilities.NET_CAPABILITY_CAPTIVE_PORTAL, android.net.NetworkCapabilities.NET_CAPABILITY_NOT_ROAMING, android.net.NetworkCapabilities.NET_CAPABILITY_FOREGROUND, android.net.NetworkCapabilities.NET_CAPABILITY_NOT_CONGESTED, android.net.NetworkCapabilities.NET_CAPABILITY_NOT_SUSPENDED, android.net.NetworkCapabilities.NET_CAPABILITY_OEM_PAID, android.net.NetworkCapabilities.NET_CAPABILITY_MCX, android.net.NetworkCapabilities.NET_CAPABILITY_PARTIAL_CONNECTIVITY, android.net.NetworkCapabilities.NET_CAPABILITY_TEMPORARILY_NOT_METERED, android.net.NetworkCapabilities.NET_CAPABILITY_OEM_PRIVATE, android.net.NetworkCapabilities.NET_CAPABILITY_VEHICLE_INTERNAL, android.net.NetworkCapabilities.NET_CAPABILITY_NOT_VCN_MANAGED, android.net.NetworkCapabilities.NET_CAPABILITY_ENTERPRISE, android.net.NetworkCapabilities.NET_CAPABILITY_VSIM, android.net.NetworkCapabilities.NET_CAPABILITY_BIP, android.net.NetworkCapabilities.NET_CAPABILITY_HEAD_UNIT, android.net.NetworkCapabilities.NET_CAPABILITY_MMTEL, android.net.NetworkCapabilities.NET_CAPABILITY_PRIORITIZE_LATENCY, android.net.NetworkCapabilities.NET_CAPABILITY_PRIORITIZE_BANDWIDTH}" />
    </annotation>
  </item>
  <item name="android.net.NetworkCapabilities java.util.Set&lt;java.lang.Integer&gt; getAllowedUids()">
    <annotation name="androidx.annotation.RequiresPermission">
      <val name="value" val="&quot;android.permission.NETWORK_FACTORY&quot;" />
    </annotation>
  </item>
  <item name="android.net.NetworkCapabilities.Builder android.net.NetworkCapabilities.Builder addCapability(int) 0">
    <annotation name="androidx.annotation.IntDef">
      <val name="value" val="{android.net.NetworkCapabilities.NET_CAPABILITY_MMS, android.net.NetworkCapabilities.NET_CAPABILITY_SUPL, android.net.NetworkCapabilities.NET_CAPABILITY_DUN, android.net.NetworkCapabilities.NET_CAPABILITY_FOTA, android.net.NetworkCapabilities.NET_CAPABILITY_IMS, android.net.NetworkCapabilities.NET_CAPABILITY_CBS, android.net.NetworkCapabilities.NET_CAPABILITY_WIFI_P2P, android.net.NetworkCapabilities.NET_CAPABILITY_IA, android.net.NetworkCapabilities.NET_CAPABILITY_RCS, android.net.NetworkCapabilities.NET_CAPABILITY_XCAP, android.net.NetworkCapabilities.NET_CAPABILITY_EIMS, android.net.NetworkCapabilities.NET_CAPABILITY_NOT_METERED, android.net.NetworkCapabilities.NET_CAPABILITY_INTERNET, android.net.NetworkCapabilities.NET_CAPABILITY_NOT_RESTRICTED, android.net.NetworkCapabilities.NET_CAPABILITY_TRUSTED, android.net.NetworkCapabilities.NET_CAPABILITY_NOT_VPN, android.net.NetworkCapabilities.NET_CAPABILITY_VALIDATED, android.net.NetworkCapabilities.NET_CAPABILITY_CAPTIVE_PORTAL, android.net.NetworkCapabilities.NET_CAPABILITY_NOT_ROAMING, android.net.NetworkCapabilities.NET_CAPABILITY_FOREGROUND, android.net.NetworkCapabilities.NET_CAPABILITY_NOT_CONGESTED, android.net.NetworkCapabilities.NET_CAPABILITY_NOT_SUSPENDED, android.net.NetworkCapabilities.NET_CAPABILITY_OEM_PAID, android.net.NetworkCapabilities.NET_CAPABILITY_MCX, android.net.NetworkCapabilities.NET_CAPABILITY_PARTIAL_CONNECTIVITY, android.net.NetworkCapabilities.NET_CAPABILITY_TEMPORARILY_NOT_METERED, android.net.NetworkCapabilities.NET_CAPABILITY_OEM_PRIVATE, android.net.NetworkCapabilities.NET_CAPABILITY_VEHICLE_INTERNAL, android.net.NetworkCapabilities.NET_CAPABILITY_NOT_VCN_MANAGED, android.net.NetworkCapabilities.NET_CAPABILITY_ENTERPRISE, android.net.NetworkCapabilities.NET_CAPABILITY_VSIM, android.net.NetworkCapabilities.NET_CAPABILITY_BIP, android.net.NetworkCapabilities.NET_CAPABILITY_HEAD_UNIT, android.net.NetworkCapabilities.NET_CAPABILITY_MMTEL, android.net.NetworkCapabilities.NET_CAPABILITY_PRIORITIZE_LATENCY, android.net.NetworkCapabilities.NET_CAPABILITY_PRIORITIZE_BANDWIDTH}" />
    </annotation>
  </item>
  <item name="android.net.NetworkCapabilities.Builder android.net.NetworkCapabilities.Builder addEnterpriseId(int) 0">
    <annotation name="androidx.annotation.IntDef">
      <val name="value" val="{android.net.NetworkCapabilities.NET_ENTERPRISE_ID_1, android.net.NetworkCapabilities.NET_ENTERPRISE_ID_2, android.net.NetworkCapabilities.NET_ENTERPRISE_ID_3, android.net.NetworkCapabilities.NET_ENTERPRISE_ID_4, android.net.NetworkCapabilities.NET_ENTERPRISE_ID_5}" />
    </annotation>
  </item>
  <item name="android.net.NetworkCapabilities.Builder android.net.NetworkCapabilities.Builder addTransportType(int) 0">
    <annotation name="androidx.annotation.IntDef">
      <val name="value" val="{android.net.NetworkCapabilities.TRANSPORT_CELLULAR, android.net.NetworkCapabilities.TRANSPORT_WIFI, android.net.NetworkCapabilities.TRANSPORT_BLUETOOTH, android.net.NetworkCapabilities.TRANSPORT_ETHERNET, android.net.NetworkCapabilities.TRANSPORT_VPN, android.net.NetworkCapabilities.TRANSPORT_WIFI_AWARE, android.net.NetworkCapabilities.TRANSPORT_LOWPAN, android.net.NetworkCapabilities.TRANSPORT_TEST, android.net.NetworkCapabilities.TRANSPORT_USB, android.net.NetworkCapabilities.TRANSPORT_THREAD}" />
    </annotation>
  </item>
  <item name="android.net.NetworkCapabilities.Builder android.net.NetworkCapabilities.Builder removeCapability(int) 0">
    <annotation name="androidx.annotation.IntDef">
      <val name="value" val="{android.net.NetworkCapabilities.NET_CAPABILITY_MMS, android.net.NetworkCapabilities.NET_CAPABILITY_SUPL, android.net.NetworkCapabilities.NET_CAPABILITY_DUN, android.net.NetworkCapabilities.NET_CAPABILITY_FOTA, android.net.NetworkCapabilities.NET_CAPABILITY_IMS, android.net.NetworkCapabilities.NET_CAPABILITY_CBS, android.net.NetworkCapabilities.NET_CAPABILITY_WIFI_P2P, android.net.NetworkCapabilities.NET_CAPABILITY_IA, android.net.NetworkCapabilities.NET_CAPABILITY_RCS, android.net.NetworkCapabilities.NET_CAPABILITY_XCAP, android.net.NetworkCapabilities.NET_CAPABILITY_EIMS, android.net.NetworkCapabilities.NET_CAPABILITY_NOT_METERED, android.net.NetworkCapabilities.NET_CAPABILITY_INTERNET, android.net.NetworkCapabilities.NET_CAPABILITY_NOT_RESTRICTED, android.net.NetworkCapabilities.NET_CAPABILITY_TRUSTED, android.net.NetworkCapabilities.NET_CAPABILITY_NOT_VPN, android.net.NetworkCapabilities.NET_CAPABILITY_VALIDATED, android.net.NetworkCapabilities.NET_CAPABILITY_CAPTIVE_PORTAL, android.net.NetworkCapabilities.NET_CAPABILITY_NOT_ROAMING, android.net.NetworkCapabilities.NET_CAPABILITY_FOREGROUND, android.net.NetworkCapabilities.NET_CAPABILITY_NOT_CONGESTED, android.net.NetworkCapabilities.NET_CAPABILITY_NOT_SUSPENDED, android.net.NetworkCapabilities.NET_CAPABILITY_OEM_PAID, android.net.NetworkCapabilities.NET_CAPABILITY_MCX, android.net.NetworkCapabilities.NET_CAPABILITY_PARTIAL_CONNECTIVITY, android.net.NetworkCapabilities.NET_CAPABILITY_TEMPORARILY_NOT_METERED, android.net.NetworkCapabilities.NET_CAPABILITY_OEM_PRIVATE, android.net.NetworkCapabilities.NET_CAPABILITY_VEHICLE_INTERNAL, android.net.NetworkCapabilities.NET_CAPABILITY_NOT_VCN_MANAGED, android.net.NetworkCapabilities.NET_CAPABILITY_ENTERPRISE, android.net.NetworkCapabilities.NET_CAPABILITY_VSIM, android.net.NetworkCapabilities.NET_CAPABILITY_BIP, android.net.NetworkCapabilities.NET_CAPABILITY_HEAD_UNIT, android.net.NetworkCapabilities.NET_CAPABILITY_MMTEL, android.net.NetworkCapabilities.NET_CAPABILITY_PRIORITIZE_LATENCY, android.net.NetworkCapabilities.NET_CAPABILITY_PRIORITIZE_BANDWIDTH}" />
    </annotation>
  </item>
  <item name="android.net.NetworkCapabilities.Builder android.net.NetworkCapabilities.Builder removeEnterpriseId(int) 0">
    <annotation name="androidx.annotation.IntDef">
      <val name="value" val="{android.net.NetworkCapabilities.NET_ENTERPRISE_ID_1, android.net.NetworkCapabilities.NET_ENTERPRISE_ID_2, android.net.NetworkCapabilities.NET_ENTERPRISE_ID_3, android.net.NetworkCapabilities.NET_ENTERPRISE_ID_4, android.net.NetworkCapabilities.NET_ENTERPRISE_ID_5}" />
    </annotation>
  </item>
  <item name="android.net.NetworkCapabilities.Builder android.net.NetworkCapabilities.Builder removeTransportType(int) 0">
    <annotation name="androidx.annotation.IntDef">
      <val name="value" val="{android.net.NetworkCapabilities.TRANSPORT_CELLULAR, android.net.NetworkCapabilities.TRANSPORT_WIFI, android.net.NetworkCapabilities.TRANSPORT_BLUETOOTH, android.net.NetworkCapabilities.TRANSPORT_ETHERNET, android.net.NetworkCapabilities.TRANSPORT_VPN, android.net.NetworkCapabilities.TRANSPORT_WIFI_AWARE, android.net.NetworkCapabilities.TRANSPORT_LOWPAN, android.net.NetworkCapabilities.TRANSPORT_TEST, android.net.NetworkCapabilities.TRANSPORT_USB, android.net.NetworkCapabilities.TRANSPORT_THREAD}" />
    </annotation>
  </item>
  <item name="android.net.NetworkCapabilities.Builder android.net.NetworkCapabilities.Builder setAdministratorUids(int[])">
    <annotation name="androidx.annotation.RequiresPermission">
      <val name="value" val="&quot;android.permission.NETWORK_FACTORY&quot;" />
    </annotation>
  </item>
  <item name="android.net.NetworkCapabilities.Builder android.net.NetworkCapabilities.Builder setAllowedUids(java.util.Set&lt;java.lang.Integer&gt;)">
    <annotation name="androidx.annotation.RequiresPermission">
      <val name="value" val="&quot;android.permission.NETWORK_FACTORY&quot;" />
    </annotation>
  </item>
  <item name="android.net.NetworkCapabilities.Builder android.net.NetworkCapabilities.Builder setOwnerUid(int)">
    <annotation name="androidx.annotation.RequiresPermission">
      <val name="value" val="&quot;android.permission.NETWORK_FACTORY&quot;" />
    </annotation>
  </item>
  <item name="android.net.NetworkCapabilities.Builder android.net.NetworkCapabilities.Builder setRequestorPackageName(java.lang.String)">
    <annotation name="androidx.annotation.RequiresPermission">
      <val name="value" val="&quot;android.permission.NETWORK_FACTORY&quot;" />
    </annotation>
  </item>
  <item name="android.net.NetworkCapabilities.Builder android.net.NetworkCapabilities.Builder setRequestorUid(int)">
    <annotation name="androidx.annotation.RequiresPermission">
      <val name="value" val="&quot;android.permission.NETWORK_FACTORY&quot;" />
    </annotation>
  </item>
  <item name="android.net.NetworkCapabilities.Builder android.net.NetworkCapabilities.Builder setSignalStrength(int)">
    <annotation name="androidx.annotation.RequiresPermission">
      <val name="value" val="&quot;android.permission.NETWORK_SIGNAL_STRENGTH_WAKEUP&quot;" />
    </annotation>
  </item>
  <item name="android.net.NetworkCapabilities.Builder android.net.NetworkCapabilities.Builder setSsid(java.lang.String)">
    <annotation name="androidx.annotation.RequiresPermission">
      <val name="value" val="&quot;android.permission.NETWORK_FACTORY&quot;" />
    </annotation>
  </item>
  <item name="android.net.NetworkCapabilities.Builder android.net.NetworkCapabilities.Builder setUnderlyingNetworks(java.util.List&lt;android.net.Network&gt;)">
    <annotation name="androidx.annotation.RequiresPermission">
      <val name="value" val="&quot;android.permission.NETWORK_FACTORY&quot;" />
    </annotation>
  </item>
  <item name="android.net.NetworkProvider void declareNetworkRequestUnfulfillable(android.net.NetworkRequest)">
    <annotation name="androidx.annotation.RequiresPermission">
      <val name="value" val="&quot;android.permission.NETWORK_FACTORY&quot;" />
    </annotation>
  </item>
  <item name="android.net.NetworkProvider void onNetworkRequested(android.net.NetworkRequest, int, int) 1">
    <annotation name="androidx.annotation.IntRange">
      <val name="from" val="0" />
      <val name="to" val="99" />
    </annotation>
  </item>
  <item name="android.net.NetworkProvider void registerNetworkOffer(android.net.NetworkScore, android.net.NetworkCapabilities, java.util.concurrent.Executor, android.net.NetworkProvider.NetworkOfferCallback)">
    <annotation name="androidx.annotation.RequiresPermission">
      <val name="value" val="&quot;android.permission.NETWORK_FACTORY&quot;" />
    </annotation>
  </item>
  <item name="android.net.NetworkProvider void unregisterNetworkOffer(android.net.NetworkProvider.NetworkOfferCallback)">
    <annotation name="androidx.annotation.RequiresPermission">
      <val name="value" val="&quot;android.permission.NETWORK_FACTORY&quot;" />
    </annotation>
  </item>
  <item name="android.net.NetworkRequest boolean hasCapability(int) 0">
    <annotation name="androidx.annotation.IntDef">
      <val name="value" val="{android.net.NetworkCapabilities.NET_CAPABILITY_MMS, android.net.NetworkCapabilities.NET_CAPABILITY_SUPL, android.net.NetworkCapabilities.NET_CAPABILITY_DUN, android.net.NetworkCapabilities.NET_CAPABILITY_FOTA, android.net.NetworkCapabilities.NET_CAPABILITY_IMS, android.net.NetworkCapabilities.NET_CAPABILITY_CBS, android.net.NetworkCapabilities.NET_CAPABILITY_WIFI_P2P, android.net.NetworkCapabilities.NET_CAPABILITY_IA, android.net.NetworkCapabilities.NET_CAPABILITY_RCS, android.net.NetworkCapabilities.NET_CAPABILITY_XCAP, android.net.NetworkCapabilities.NET_CAPABILITY_EIMS, android.net.NetworkCapabilities.NET_CAPABILITY_NOT_METERED, android.net.NetworkCapabilities.NET_CAPABILITY_INTERNET, android.net.NetworkCapabilities.NET_CAPABILITY_NOT_RESTRICTED, android.net.NetworkCapabilities.NET_CAPABILITY_TRUSTED, android.net.NetworkCapabilities.NET_CAPABILITY_NOT_VPN, android.net.NetworkCapabilities.NET_CAPABILITY_VALIDATED, android.net.NetworkCapabilities.NET_CAPABILITY_CAPTIVE_PORTAL, android.net.NetworkCapabilities.NET_CAPABILITY_NOT_ROAMING, android.net.NetworkCapabilities.NET_CAPABILITY_FOREGROUND, android.net.NetworkCapabilities.NET_CAPABILITY_NOT_CONGESTED, android.net.NetworkCapabilities.NET_CAPABILITY_NOT_SUSPENDED, android.net.NetworkCapabilities.NET_CAPABILITY_OEM_PAID, android.net.NetworkCapabilities.NET_CAPABILITY_MCX, android.net.NetworkCapabilities.NET_CAPABILITY_PARTIAL_CONNECTIVITY, android.net.NetworkCapabilities.NET_CAPABILITY_TEMPORARILY_NOT_METERED, android.net.NetworkCapabilities.NET_CAPABILITY_OEM_PRIVATE, android.net.NetworkCapabilities.NET_CAPABILITY_VEHICLE_INTERNAL, android.net.NetworkCapabilities.NET_CAPABILITY_NOT_VCN_MANAGED, android.net.NetworkCapabilities.NET_CAPABILITY_ENTERPRISE, android.net.NetworkCapabilities.NET_CAPABILITY_VSIM, android.net.NetworkCapabilities.NET_CAPABILITY_BIP, android.net.NetworkCapabilities.NET_CAPABILITY_HEAD_UNIT, android.net.NetworkCapabilities.NET_CAPABILITY_MMTEL, android.net.NetworkCapabilities.NET_CAPABILITY_PRIORITIZE_LATENCY, android.net.NetworkCapabilities.NET_CAPABILITY_PRIORITIZE_BANDWIDTH}" />
    </annotation>
  </item>
  <item name="android.net.NetworkRequest boolean hasEnterpriseId(int) 0">
    <annotation name="androidx.annotation.IntDef">
      <val name="value" val="{android.net.NetworkCapabilities.NET_ENTERPRISE_ID_1, android.net.NetworkCapabilities.NET_ENTERPRISE_ID_2, android.net.NetworkCapabilities.NET_ENTERPRISE_ID_3, android.net.NetworkCapabilities.NET_ENTERPRISE_ID_4, android.net.NetworkCapabilities.NET_ENTERPRISE_ID_5}" />
    </annotation>
  </item>
  <item name="android.net.NetworkRequest boolean hasForbiddenCapability(int) 0">
    <annotation name="androidx.annotation.IntDef">
      <val name="value" val="{android.net.NetworkCapabilities.NET_CAPABILITY_MMS, android.net.NetworkCapabilities.NET_CAPABILITY_SUPL, android.net.NetworkCapabilities.NET_CAPABILITY_DUN, android.net.NetworkCapabilities.NET_CAPABILITY_FOTA, android.net.NetworkCapabilities.NET_CAPABILITY_IMS, android.net.NetworkCapabilities.NET_CAPABILITY_CBS, android.net.NetworkCapabilities.NET_CAPABILITY_WIFI_P2P, android.net.NetworkCapabilities.NET_CAPABILITY_IA, android.net.NetworkCapabilities.NET_CAPABILITY_RCS, android.net.NetworkCapabilities.NET_CAPABILITY_XCAP, android.net.NetworkCapabilities.NET_CAPABILITY_EIMS, android.net.NetworkCapabilities.NET_CAPABILITY_NOT_METERED, android.net.NetworkCapabilities.NET_CAPABILITY_INTERNET, android.net.NetworkCapabilities.NET_CAPABILITY_NOT_RESTRICTED, android.net.NetworkCapabilities.NET_CAPABILITY_TRUSTED, android.net.NetworkCapabilities.NET_CAPABILITY_NOT_VPN, android.net.NetworkCapabilities.NET_CAPABILITY_VALIDATED, android.net.NetworkCapabilities.NET_CAPABILITY_CAPTIVE_PORTAL, android.net.NetworkCapabilities.NET_CAPABILITY_NOT_ROAMING, android.net.NetworkCapabilities.NET_CAPABILITY_FOREGROUND, android.net.NetworkCapabilities.NET_CAPABILITY_NOT_CONGESTED, android.net.NetworkCapabilities.NET_CAPABILITY_NOT_SUSPENDED, android.net.NetworkCapabilities.NET_CAPABILITY_OEM_PAID, android.net.NetworkCapabilities.NET_CAPABILITY_MCX, android.net.NetworkCapabilities.NET_CAPABILITY_PARTIAL_CONNECTIVITY, android.net.NetworkCapabilities.NET_CAPABILITY_TEMPORARILY_NOT_METERED, android.net.NetworkCapabilities.NET_CAPABILITY_OEM_PRIVATE, android.net.NetworkCapabilities.NET_CAPABILITY_VEHICLE_INTERNAL, android.net.NetworkCapabilities.NET_CAPABILITY_NOT_VCN_MANAGED, android.net.NetworkCapabilities.NET_CAPABILITY_ENTERPRISE, android.net.NetworkCapabilities.NET_CAPABILITY_VSIM, android.net.NetworkCapabilities.NET_CAPABILITY_BIP, android.net.NetworkCapabilities.NET_CAPABILITY_HEAD_UNIT, android.net.NetworkCapabilities.NET_CAPABILITY_MMTEL, android.net.NetworkCapabilities.NET_CAPABILITY_PRIORITIZE_LATENCY, android.net.NetworkCapabilities.NET_CAPABILITY_PRIORITIZE_BANDWIDTH}" />
    </annotation>
  </item>
  <item name="android.net.NetworkRequest boolean hasTransport(int) 0">
    <annotation name="androidx.annotation.IntDef">
      <val name="value" val="{android.net.NetworkCapabilities.TRANSPORT_CELLULAR, android.net.NetworkCapabilities.TRANSPORT_WIFI, android.net.NetworkCapabilities.TRANSPORT_BLUETOOTH, android.net.NetworkCapabilities.TRANSPORT_ETHERNET, android.net.NetworkCapabilities.TRANSPORT_VPN, android.net.NetworkCapabilities.TRANSPORT_WIFI_AWARE, android.net.NetworkCapabilities.TRANSPORT_LOWPAN, android.net.NetworkCapabilities.TRANSPORT_TEST, android.net.NetworkCapabilities.TRANSPORT_USB, android.net.NetworkCapabilities.TRANSPORT_THREAD}" />
    </annotation>
  </item>
  <item name="android.net.NetworkRequest int[] getCapabilities()">
    <annotation name="androidx.annotation.IntDef">
      <val name="value" val="{android.net.NetworkCapabilities.NET_CAPABILITY_MMS, android.net.NetworkCapabilities.NET_CAPABILITY_SUPL, android.net.NetworkCapabilities.NET_CAPABILITY_DUN, android.net.NetworkCapabilities.NET_CAPABILITY_FOTA, android.net.NetworkCapabilities.NET_CAPABILITY_IMS, android.net.NetworkCapabilities.NET_CAPABILITY_CBS, android.net.NetworkCapabilities.NET_CAPABILITY_WIFI_P2P, android.net.NetworkCapabilities.NET_CAPABILITY_IA, android.net.NetworkCapabilities.NET_CAPABILITY_RCS, android.net.NetworkCapabilities.NET_CAPABILITY_XCAP, android.net.NetworkCapabilities.NET_CAPABILITY_EIMS, android.net.NetworkCapabilities.NET_CAPABILITY_NOT_METERED, android.net.NetworkCapabilities.NET_CAPABILITY_INTERNET, android.net.NetworkCapabilities.NET_CAPABILITY_NOT_RESTRICTED, android.net.NetworkCapabilities.NET_CAPABILITY_TRUSTED, android.net.NetworkCapabilities.NET_CAPABILITY_NOT_VPN, android.net.NetworkCapabilities.NET_CAPABILITY_VALIDATED, android.net.NetworkCapabilities.NET_CAPABILITY_CAPTIVE_PORTAL, android.net.NetworkCapabilities.NET_CAPABILITY_NOT_ROAMING, android.net.NetworkCapabilities.NET_CAPABILITY_FOREGROUND, android.net.NetworkCapabilities.NET_CAPABILITY_NOT_CONGESTED, android.net.NetworkCapabilities.NET_CAPABILITY_NOT_SUSPENDED, android.net.NetworkCapabilities.NET_CAPABILITY_OEM_PAID, android.net.NetworkCapabilities.NET_CAPABILITY_MCX, android.net.NetworkCapabilities.NET_CAPABILITY_PARTIAL_CONNECTIVITY, android.net.NetworkCapabilities.NET_CAPABILITY_TEMPORARILY_NOT_METERED, android.net.NetworkCapabilities.NET_CAPABILITY_OEM_PRIVATE, android.net.NetworkCapabilities.NET_CAPABILITY_VEHICLE_INTERNAL, android.net.NetworkCapabilities.NET_CAPABILITY_NOT_VCN_MANAGED, android.net.NetworkCapabilities.NET_CAPABILITY_ENTERPRISE, android.net.NetworkCapabilities.NET_CAPABILITY_VSIM, android.net.NetworkCapabilities.NET_CAPABILITY_BIP, android.net.NetworkCapabilities.NET_CAPABILITY_HEAD_UNIT, android.net.NetworkCapabilities.NET_CAPABILITY_MMTEL, android.net.NetworkCapabilities.NET_CAPABILITY_PRIORITIZE_LATENCY, android.net.NetworkCapabilities.NET_CAPABILITY_PRIORITIZE_BANDWIDTH}" />
    </annotation>
  </item>
  <item name="android.net.NetworkRequest int[] getEnterpriseIds()">
    <annotation name="androidx.annotation.IntDef">
      <val name="value" val="{android.net.NetworkCapabilities.NET_ENTERPRISE_ID_1, android.net.NetworkCapabilities.NET_ENTERPRISE_ID_2, android.net.NetworkCapabilities.NET_ENTERPRISE_ID_3, android.net.NetworkCapabilities.NET_ENTERPRISE_ID_4, android.net.NetworkCapabilities.NET_ENTERPRISE_ID_5}" />
    </annotation>
  </item>
  <item name="android.net.NetworkRequest int[] getForbiddenCapabilities()">
    <annotation name="androidx.annotation.IntDef">
      <val name="value" val="{android.net.NetworkCapabilities.NET_CAPABILITY_MMS, android.net.NetworkCapabilities.NET_CAPABILITY_SUPL, android.net.NetworkCapabilities.NET_CAPABILITY_DUN, android.net.NetworkCapabilities.NET_CAPABILITY_FOTA, android.net.NetworkCapabilities.NET_CAPABILITY_IMS, android.net.NetworkCapabilities.NET_CAPABILITY_CBS, android.net.NetworkCapabilities.NET_CAPABILITY_WIFI_P2P, android.net.NetworkCapabilities.NET_CAPABILITY_IA, android.net.NetworkCapabilities.NET_CAPABILITY_RCS, android.net.NetworkCapabilities.NET_CAPABILITY_XCAP, android.net.NetworkCapabilities.NET_CAPABILITY_EIMS, android.net.NetworkCapabilities.NET_CAPABILITY_NOT_METERED, android.net.NetworkCapabilities.NET_CAPABILITY_INTERNET, android.net.NetworkCapabilities.NET_CAPABILITY_NOT_RESTRICTED, android.net.NetworkCapabilities.NET_CAPABILITY_TRUSTED, android.net.NetworkCapabilities.NET_CAPABILITY_NOT_VPN, android.net.NetworkCapabilities.NET_CAPABILITY_VALIDATED, android.net.NetworkCapabilities.NET_CAPABILITY_CAPTIVE_PORTAL, android.net.NetworkCapabilities.NET_CAPABILITY_NOT_ROAMING, android.net.NetworkCapabilities.NET_CAPABILITY_FOREGROUND, android.net.NetworkCapabilities.NET_CAPABILITY_NOT_CONGESTED, android.net.NetworkCapabilities.NET_CAPABILITY_NOT_SUSPENDED, android.net.NetworkCapabilities.NET_CAPABILITY_OEM_PAID, android.net.NetworkCapabilities.NET_CAPABILITY_MCX, android.net.NetworkCapabilities.NET_CAPABILITY_PARTIAL_CONNECTIVITY, android.net.NetworkCapabilities.NET_CAPABILITY_TEMPORARILY_NOT_METERED, android.net.NetworkCapabilities.NET_CAPABILITY_OEM_PRIVATE, android.net.NetworkCapabilities.NET_CAPABILITY_VEHICLE_INTERNAL, android.net.NetworkCapabilities.NET_CAPABILITY_NOT_VCN_MANAGED, android.net.NetworkCapabilities.NET_CAPABILITY_ENTERPRISE, android.net.NetworkCapabilities.NET_CAPABILITY_VSIM, android.net.NetworkCapabilities.NET_CAPABILITY_BIP, android.net.NetworkCapabilities.NET_CAPABILITY_HEAD_UNIT, android.net.NetworkCapabilities.NET_CAPABILITY_MMTEL, android.net.NetworkCapabilities.NET_CAPABILITY_PRIORITIZE_LATENCY, android.net.NetworkCapabilities.NET_CAPABILITY_PRIORITIZE_BANDWIDTH}" />
    </annotation>
  </item>
  <item name="android.net.NetworkRequest int[] getTransportTypes()">
    <annotation name="androidx.annotation.IntDef">
      <val name="value" val="{android.net.NetworkCapabilities.TRANSPORT_CELLULAR, android.net.NetworkCapabilities.TRANSPORT_WIFI, android.net.NetworkCapabilities.TRANSPORT_BLUETOOTH, android.net.NetworkCapabilities.TRANSPORT_ETHERNET, android.net.NetworkCapabilities.TRANSPORT_VPN, android.net.NetworkCapabilities.TRANSPORT_WIFI_AWARE, android.net.NetworkCapabilities.TRANSPORT_LOWPAN, android.net.NetworkCapabilities.TRANSPORT_TEST, android.net.NetworkCapabilities.TRANSPORT_USB, android.net.NetworkCapabilities.TRANSPORT_THREAD}" />
    </annotation>
  </item>
  <item name="android.net.NetworkRequest.Builder android.net.NetworkRequest.Builder addCapability(int) 0">
    <annotation name="androidx.annotation.IntDef">
      <val name="value" val="{android.net.NetworkCapabilities.NET_CAPABILITY_MMS, android.net.NetworkCapabilities.NET_CAPABILITY_SUPL, android.net.NetworkCapabilities.NET_CAPABILITY_DUN, android.net.NetworkCapabilities.NET_CAPABILITY_FOTA, android.net.NetworkCapabilities.NET_CAPABILITY_IMS, android.net.NetworkCapabilities.NET_CAPABILITY_CBS, android.net.NetworkCapabilities.NET_CAPABILITY_WIFI_P2P, android.net.NetworkCapabilities.NET_CAPABILITY_IA, android.net.NetworkCapabilities.NET_CAPABILITY_RCS, android.net.NetworkCapabilities.NET_CAPABILITY_XCAP, android.net.NetworkCapabilities.NET_CAPABILITY_EIMS, android.net.NetworkCapabilities.NET_CAPABILITY_NOT_METERED, android.net.NetworkCapabilities.NET_CAPABILITY_INTERNET, android.net.NetworkCapabilities.NET_CAPABILITY_NOT_RESTRICTED, android.net.NetworkCapabilities.NET_CAPABILITY_TRUSTED, android.net.NetworkCapabilities.NET_CAPABILITY_NOT_VPN, android.net.NetworkCapabilities.NET_CAPABILITY_VALIDATED, android.net.NetworkCapabilities.NET_CAPABILITY_CAPTIVE_PORTAL, android.net.NetworkCapabilities.NET_CAPABILITY_NOT_ROAMING, android.net.NetworkCapabilities.NET_CAPABILITY_FOREGROUND, android.net.NetworkCapabilities.NET_CAPABILITY_NOT_CONGESTED, android.net.NetworkCapabilities.NET_CAPABILITY_NOT_SUSPENDED, android.net.NetworkCapabilities.NET_CAPABILITY_OEM_PAID, android.net.NetworkCapabilities.NET_CAPABILITY_MCX, android.net.NetworkCapabilities.NET_CAPABILITY_PARTIAL_CONNECTIVITY, android.net.NetworkCapabilities.NET_CAPABILITY_TEMPORARILY_NOT_METERED, android.net.NetworkCapabilities.NET_CAPABILITY_OEM_PRIVATE, android.net.NetworkCapabilities.NET_CAPABILITY_VEHICLE_INTERNAL, android.net.NetworkCapabilities.NET_CAPABILITY_NOT_VCN_MANAGED, android.net.NetworkCapabilities.NET_CAPABILITY_ENTERPRISE, android.net.NetworkCapabilities.NET_CAPABILITY_VSIM, android.net.NetworkCapabilities.NET_CAPABILITY_BIP, android.net.NetworkCapabilities.NET_CAPABILITY_HEAD_UNIT, android.net.NetworkCapabilities.NET_CAPABILITY_MMTEL, android.net.NetworkCapabilities.NET_CAPABILITY_PRIORITIZE_LATENCY, android.net.NetworkCapabilities.NET_CAPABILITY_PRIORITIZE_BANDWIDTH}" />
    </annotation>
  </item>
  <item name="android.net.NetworkRequest.Builder android.net.NetworkRequest.Builder addForbiddenCapability(int) 0">
    <annotation name="androidx.annotation.IntDef">
      <val name="value" val="{android.net.NetworkCapabilities.NET_CAPABILITY_MMS, android.net.NetworkCapabilities.NET_CAPABILITY_SUPL, android.net.NetworkCapabilities.NET_CAPABILITY_DUN, android.net.NetworkCapabilities.NET_CAPABILITY_FOTA, android.net.NetworkCapabilities.NET_CAPABILITY_IMS, android.net.NetworkCapabilities.NET_CAPABILITY_CBS, android.net.NetworkCapabilities.NET_CAPABILITY_WIFI_P2P, android.net.NetworkCapabilities.NET_CAPABILITY_IA, android.net.NetworkCapabilities.NET_CAPABILITY_RCS, android.net.NetworkCapabilities.NET_CAPABILITY_XCAP, android.net.NetworkCapabilities.NET_CAPABILITY_EIMS, android.net.NetworkCapabilities.NET_CAPABILITY_NOT_METERED, android.net.NetworkCapabilities.NET_CAPABILITY_INTERNET, android.net.NetworkCapabilities.NET_CAPABILITY_NOT_RESTRICTED, android.net.NetworkCapabilities.NET_CAPABILITY_TRUSTED, android.net.NetworkCapabilities.NET_CAPABILITY_NOT_VPN, android.net.NetworkCapabilities.NET_CAPABILITY_VALIDATED, android.net.NetworkCapabilities.NET_CAPABILITY_CAPTIVE_PORTAL, android.net.NetworkCapabilities.NET_CAPABILITY_NOT_ROAMING, android.net.NetworkCapabilities.NET_CAPABILITY_FOREGROUND, android.net.NetworkCapabilities.NET_CAPABILITY_NOT_CONGESTED, android.net.NetworkCapabilities.NET_CAPABILITY_NOT_SUSPENDED, android.net.NetworkCapabilities.NET_CAPABILITY_OEM_PAID, android.net.NetworkCapabilities.NET_CAPABILITY_MCX, android.net.NetworkCapabilities.NET_CAPABILITY_PARTIAL_CONNECTIVITY, android.net.NetworkCapabilities.NET_CAPABILITY_TEMPORARILY_NOT_METERED, android.net.NetworkCapabilities.NET_CAPABILITY_OEM_PRIVATE, android.net.NetworkCapabilities.NET_CAPABILITY_VEHICLE_INTERNAL, android.net.NetworkCapabilities.NET_CAPABILITY_NOT_VCN_MANAGED, android.net.NetworkCapabilities.NET_CAPABILITY_ENTERPRISE, android.net.NetworkCapabilities.NET_CAPABILITY_VSIM, android.net.NetworkCapabilities.NET_CAPABILITY_BIP, android.net.NetworkCapabilities.NET_CAPABILITY_HEAD_UNIT, android.net.NetworkCapabilities.NET_CAPABILITY_MMTEL, android.net.NetworkCapabilities.NET_CAPABILITY_PRIORITIZE_LATENCY, android.net.NetworkCapabilities.NET_CAPABILITY_PRIORITIZE_BANDWIDTH}" />
    </annotation>
  </item>
  <item name="android.net.NetworkRequest.Builder android.net.NetworkRequest.Builder addTransportType(int) 0">
    <annotation name="androidx.annotation.IntDef">
      <val name="value" val="{android.net.NetworkCapabilities.TRANSPORT_CELLULAR, android.net.NetworkCapabilities.TRANSPORT_WIFI, android.net.NetworkCapabilities.TRANSPORT_BLUETOOTH, android.net.NetworkCapabilities.TRANSPORT_ETHERNET, android.net.NetworkCapabilities.TRANSPORT_VPN, android.net.NetworkCapabilities.TRANSPORT_WIFI_AWARE, android.net.NetworkCapabilities.TRANSPORT_LOWPAN, android.net.NetworkCapabilities.TRANSPORT_TEST, android.net.NetworkCapabilities.TRANSPORT_USB, android.net.NetworkCapabilities.TRANSPORT_THREAD}" />
    </annotation>
  </item>
  <item name="android.net.NetworkRequest.Builder android.net.NetworkRequest.Builder removeCapability(int) 0">
    <annotation name="androidx.annotation.IntDef">
      <val name="value" val="{android.net.NetworkCapabilities.NET_CAPABILITY_MMS, android.net.NetworkCapabilities.NET_CAPABILITY_SUPL, android.net.NetworkCapabilities.NET_CAPABILITY_DUN, android.net.NetworkCapabilities.NET_CAPABILITY_FOTA, android.net.NetworkCapabilities.NET_CAPABILITY_IMS, android.net.NetworkCapabilities.NET_CAPABILITY_CBS, android.net.NetworkCapabilities.NET_CAPABILITY_WIFI_P2P, android.net.NetworkCapabilities.NET_CAPABILITY_IA, android.net.NetworkCapabilities.NET_CAPABILITY_RCS, android.net.NetworkCapabilities.NET_CAPABILITY_XCAP, android.net.NetworkCapabilities.NET_CAPABILITY_EIMS, android.net.NetworkCapabilities.NET_CAPABILITY_NOT_METERED, android.net.NetworkCapabilities.NET_CAPABILITY_INTERNET, android.net.NetworkCapabilities.NET_CAPABILITY_NOT_RESTRICTED, android.net.NetworkCapabilities.NET_CAPABILITY_TRUSTED, android.net.NetworkCapabilities.NET_CAPABILITY_NOT_VPN, android.net.NetworkCapabilities.NET_CAPABILITY_VALIDATED, android.net.NetworkCapabilities.NET_CAPABILITY_CAPTIVE_PORTAL, android.net.NetworkCapabilities.NET_CAPABILITY_NOT_ROAMING, android.net.NetworkCapabilities.NET_CAPABILITY_FOREGROUND, android.net.NetworkCapabilities.NET_CAPABILITY_NOT_CONGESTED, android.net.NetworkCapabilities.NET_CAPABILITY_NOT_SUSPENDED, android.net.NetworkCapabilities.NET_CAPABILITY_OEM_PAID, android.net.NetworkCapabilities.NET_CAPABILITY_MCX, android.net.NetworkCapabilities.NET_CAPABILITY_PARTIAL_CONNECTIVITY, android.net.NetworkCapabilities.NET_CAPABILITY_TEMPORARILY_NOT_METERED, android.net.NetworkCapabilities.NET_CAPABILITY_OEM_PRIVATE, android.net.NetworkCapabilities.NET_CAPABILITY_VEHICLE_INTERNAL, android.net.NetworkCapabilities.NET_CAPABILITY_NOT_VCN_MANAGED, android.net.NetworkCapabilities.NET_CAPABILITY_ENTERPRISE, android.net.NetworkCapabilities.NET_CAPABILITY_VSIM, android.net.NetworkCapabilities.NET_CAPABILITY_BIP, android.net.NetworkCapabilities.NET_CAPABILITY_HEAD_UNIT, android.net.NetworkCapabilities.NET_CAPABILITY_MMTEL, android.net.NetworkCapabilities.NET_CAPABILITY_PRIORITIZE_LATENCY, android.net.NetworkCapabilities.NET_CAPABILITY_PRIORITIZE_BANDWIDTH}" />
    </annotation>
  </item>
  <item name="android.net.NetworkRequest.Builder android.net.NetworkRequest.Builder removeForbiddenCapability(int) 0">
    <annotation name="androidx.annotation.IntDef">
      <val name="value" val="{android.net.NetworkCapabilities.NET_CAPABILITY_MMS, android.net.NetworkCapabilities.NET_CAPABILITY_SUPL, android.net.NetworkCapabilities.NET_CAPABILITY_DUN, android.net.NetworkCapabilities.NET_CAPABILITY_FOTA, android.net.NetworkCapabilities.NET_CAPABILITY_IMS, android.net.NetworkCapabilities.NET_CAPABILITY_CBS, android.net.NetworkCapabilities.NET_CAPABILITY_WIFI_P2P, android.net.NetworkCapabilities.NET_CAPABILITY_IA, android.net.NetworkCapabilities.NET_CAPABILITY_RCS, android.net.NetworkCapabilities.NET_CAPABILITY_XCAP, android.net.NetworkCapabilities.NET_CAPABILITY_EIMS, android.net.NetworkCapabilities.NET_CAPABILITY_NOT_METERED, android.net.NetworkCapabilities.NET_CAPABILITY_INTERNET, android.net.NetworkCapabilities.NET_CAPABILITY_NOT_RESTRICTED, android.net.NetworkCapabilities.NET_CAPABILITY_TRUSTED, android.net.NetworkCapabilities.NET_CAPABILITY_NOT_VPN, android.net.NetworkCapabilities.NET_CAPABILITY_VALIDATED, android.net.NetworkCapabilities.NET_CAPABILITY_CAPTIVE_PORTAL, android.net.NetworkCapabilities.NET_CAPABILITY_NOT_ROAMING, android.net.NetworkCapabilities.NET_CAPABILITY_FOREGROUND, android.net.NetworkCapabilities.NET_CAPABILITY_NOT_CONGESTED, android.net.NetworkCapabilities.NET_CAPABILITY_NOT_SUSPENDED, android.net.NetworkCapabilities.NET_CAPABILITY_OEM_PAID, android.net.NetworkCapabilities.NET_CAPABILITY_MCX, android.net.NetworkCapabilities.NET_CAPABILITY_PARTIAL_CONNECTIVITY, android.net.NetworkCapabilities.NET_CAPABILITY_TEMPORARILY_NOT_METERED, android.net.NetworkCapabilities.NET_CAPABILITY_OEM_PRIVATE, android.net.NetworkCapabilities.NET_CAPABILITY_VEHICLE_INTERNAL, android.net.NetworkCapabilities.NET_CAPABILITY_NOT_VCN_MANAGED, android.net.NetworkCapabilities.NET_CAPABILITY_ENTERPRISE, android.net.NetworkCapabilities.NET_CAPABILITY_VSIM, android.net.NetworkCapabilities.NET_CAPABILITY_BIP, android.net.NetworkCapabilities.NET_CAPABILITY_HEAD_UNIT, android.net.NetworkCapabilities.NET_CAPABILITY_MMTEL, android.net.NetworkCapabilities.NET_CAPABILITY_PRIORITIZE_LATENCY, android.net.NetworkCapabilities.NET_CAPABILITY_PRIORITIZE_BANDWIDTH}" />
    </annotation>
  </item>
  <item name="android.net.NetworkRequest.Builder android.net.NetworkRequest.Builder removeTransportType(int) 0">
    <annotation name="androidx.annotation.IntDef">
      <val name="value" val="{android.net.NetworkCapabilities.TRANSPORT_CELLULAR, android.net.NetworkCapabilities.TRANSPORT_WIFI, android.net.NetworkCapabilities.TRANSPORT_BLUETOOTH, android.net.NetworkCapabilities.TRANSPORT_ETHERNET, android.net.NetworkCapabilities.TRANSPORT_VPN, android.net.NetworkCapabilities.TRANSPORT_WIFI_AWARE, android.net.NetworkCapabilities.TRANSPORT_LOWPAN, android.net.NetworkCapabilities.TRANSPORT_TEST, android.net.NetworkCapabilities.TRANSPORT_USB, android.net.NetworkCapabilities.TRANSPORT_THREAD}" />
    </annotation>
  </item>
  <item name="android.net.NetworkRequest.Builder android.net.NetworkRequest.Builder setSignalStrength(int)">
    <annotation name="androidx.annotation.RequiresPermission">
      <val name="value" val="&quot;android.permission.NETWORK_SIGNAL_STRENGTH_WAKEUP&quot;" />
    </annotation>
  </item>
  <item name="android.net.NetworkScore.Builder android.net.NetworkScore.Builder setKeepConnectedReason(int) 0">
    <annotation name="androidx.annotation.IntDef">
      <val name="value" val="{android.net.NetworkScore.KEEP_CONNECTED_NONE, android.net.NetworkScore.KEEP_CONNECTED_FOR_HANDOVER}" />
    </annotation>
  </item>
  <item name="android.net.OemNetworkPreferences.Builder android.net.OemNetworkPreferences.Builder addNetworkPreference(java.lang.String, int) 1">
    <annotation name="androidx.annotation.IntDef">
      <val name="value" val="{android.net.OemNetworkPreferences.OEM_NETWORK_PREFERENCE_UNINITIALIZED, android.net.OemNetworkPreferences.OEM_NETWORK_PREFERENCE_OEM_PAID, android.net.OemNetworkPreferences.OEM_NETWORK_PREFERENCE_OEM_PAID_NO_FALLBACK, android.net.OemNetworkPreferences.OEM_NETWORK_PREFERENCE_OEM_PAID_ONLY, android.net.OemNetworkPreferences.OEM_NETWORK_PREFERENCE_OEM_PRIVATE_ONLY}" />
    </annotation>
  </item>
  <item name="android.net.ProfileNetworkPreference int getPreferenceEnterpriseId()">
    <annotation name="androidx.annotation.IntDef">
      <val name="value" val="{android.net.NetworkCapabilities.NET_ENTERPRISE_ID_1, android.net.NetworkCapabilities.NET_ENTERPRISE_ID_2, android.net.NetworkCapabilities.NET_ENTERPRISE_ID_3, android.net.NetworkCapabilities.NET_ENTERPRISE_ID_4, android.net.NetworkCapabilities.NET_ENTERPRISE_ID_5}" />
    </annotation>
  </item>
  <item name="android.net.ProfileNetworkPreference.Builder android.net.ProfileNetworkPreference.Builder setPreference(int) 0">
    <annotation name="androidx.annotation.IntDef">
      <val name="value" val="{android.net.ConnectivityManager.PROFILE_NETWORK_PREFERENCE_DEFAULT, android.net.ConnectivityManager.PROFILE_NETWORK_PREFERENCE_ENTERPRISE, android.net.ConnectivityManager.PROFILE_NETWORK_PREFERENCE_ENTERPRISE_NO_FALLBACK}" />
    </annotation>
  </item>
  <item name="android.net.ProfileNetworkPreference.Builder android.net.ProfileNetworkPreference.Builder setPreferenceEnterpriseId(int) 0">
    <annotation name="androidx.annotation.IntDef">
      <val name="value" val="{android.net.NetworkCapabilities.NET_ENTERPRISE_ID_1, android.net.NetworkCapabilities.NET_ENTERPRISE_ID_2, android.net.NetworkCapabilities.NET_ENTERPRISE_ID_3, android.net.NetworkCapabilities.NET_ENTERPRISE_ID_4, android.net.NetworkCapabilities.NET_ENTERPRISE_ID_5}" />
    </annotation>
  </item>
  <item name="android.net.QosSession QosSession(int, int) 1">
    <annotation name="androidx.annotation.IntDef">
      <val name="value" val="{android.net.QosSession.TYPE_EPS_BEARER, android.net.QosSession.TYPE_NR_BEARER}" />
    </annotation>
  </item>
  <item name="android.net.QosSession int getSessionType()">
    <annotation name="androidx.annotation.IntDef">
      <val name="value" val="{android.net.QosSession.TYPE_EPS_BEARER, android.net.QosSession.TYPE_NR_BEARER}" />
    </annotation>
  </item>
  <item name="android.net.RouteInfo RouteInfo(android.net.IpPrefix, java.net.InetAddress, java.lang.String, int) 3">
    <annotation name="androidx.annotation.IntDef">
      <val name="value" val="{android.net.RouteInfo.RTN_UNICAST, android.net.RouteInfo.RTN_UNREACHABLE, android.net.RouteInfo.RTN_THROW}" />
    </annotation>
  </item>
  <item name="android.net.RouteInfo RouteInfo(android.net.IpPrefix, java.net.InetAddress, java.lang.String, int, int) 3">
    <annotation name="androidx.annotation.IntDef">
      <val name="value" val="{android.net.RouteInfo.RTN_UNICAST, android.net.RouteInfo.RTN_UNREACHABLE, android.net.RouteInfo.RTN_THROW}" />
    </annotation>
  </item>
  <item name="android.net.RouteInfo int getType()">
    <annotation name="androidx.annotation.IntDef">
      <val name="value" val="{android.net.RouteInfo.RTN_UNICAST, android.net.RouteInfo.RTN_UNREACHABLE, android.net.RouteInfo.RTN_THROW}" />
    </annotation>
  </item>
  <item name="android.net.SocketKeepalive void start(int) 0">
    <annotation name="androidx.annotation.IntRange">
      <val name="from" val="10" />
      <val name="to" val="3600" />
    </annotation>
  </item>
  <item name="android.net.SocketKeepalive void start(int, int, android.net.Network) 0">
    <annotation name="androidx.annotation.IntRange">
      <val name="from" val="10" />
      <val name="to" val="3600" />
    </annotation>
  </item>
  <item name="android.net.SocketKeepalive void start(int, int, android.net.Network) 1">
    <annotation name="androidx.annotation.IntDef">
      <val name="value" val="{android.net.SocketKeepalive.FLAG_AUTOMATIC_ON_OFF}" />
      <val name="flag" val="true" />
    </annotation>
  </item>
  <item name="android.net.SocketKeepalive.Callback void onError(int) 0">
    <annotation name="androidx.annotation.IntDef">
      <val name="value" val="{android.net.SocketKeepalive.ERROR_INVALID_NETWORK, android.net.SocketKeepalive.ERROR_INVALID_IP_ADDRESS, android.net.SocketKeepalive.ERROR_INVALID_PORT, android.net.SocketKeepalive.ERROR_INVALID_LENGTH, android.net.SocketKeepalive.ERROR_INVALID_INTERVAL, android.net.SocketKeepalive.ERROR_INVALID_SOCKET, android.net.SocketKeepalive.ERROR_SOCKET_NOT_IDLE, android.net.SocketKeepalive.ERROR_NO_SUCH_SLOT}" />
    </annotation>
  </item>
  <item name="android.net.TestNetworkManager android.net.TestNetworkInterface createTapInterface()">
    <annotation name="androidx.annotation.RequiresPermission">
      <val name="value" val="&quot;android.permission.MANAGE_TEST_NETWORKS&quot;" />
    </annotation>
  </item>
  <item name="android.net.TestNetworkManager android.net.TestNetworkInterface createTunInterface(java.util.Collection&lt;android.net.LinkAddress&gt;)">
    <annotation name="androidx.annotation.RequiresPermission">
      <val name="value" val="&quot;android.permission.MANAGE_TEST_NETWORKS&quot;" />
    </annotation>
  </item>
  <item name="android.net.TestNetworkManager void setupTestNetwork(java.lang.String, android.os.IBinder)">
    <annotation name="androidx.annotation.RequiresPermission">
      <val name="value" val="&quot;android.permission.MANAGE_TEST_NETWORKS&quot;" />
    </annotation>
  </item>
  <item name="android.net.TestNetworkManager void teardownTestNetwork(android.net.Network)">
    <annotation name="androidx.annotation.RequiresPermission">
      <val name="value" val="&quot;android.permission.MANAGE_TEST_NETWORKS&quot;" />
    </annotation>
  </item>
  <item name="android.net.TransportInfo android.net.TransportInfo makeCopy(long) 0">
    <annotation name="androidx.annotation.LongDef">
      <val name="value" val="{android.net.NetworkCapabilities.REDACT_NONE, android.net.NetworkCapabilities.REDACT_FOR_ACCESS_FINE_LOCATION, android.net.NetworkCapabilities.REDACT_FOR_LOCAL_MAC_ADDRESS, android.net.NetworkCapabilities.REDACT_FOR_NETWORK_SETTINGS, android.net.NetworkCapabilities.REDACT_ALL}" />
      <val name="flag" val="true" />
    </annotation>
  </item>
  <item name="android.net.TransportInfo long getApplicableRedactions()">
    <annotation name="androidx.annotation.LongDef">
      <val name="value" val="{android.net.NetworkCapabilities.REDACT_NONE, android.net.NetworkCapabilities.REDACT_FOR_ACCESS_FINE_LOCATION, android.net.NetworkCapabilities.REDACT_FOR_LOCAL_MAC_ADDRESS, android.net.NetworkCapabilities.REDACT_FOR_NETWORK_SETTINGS, android.net.NetworkCapabilities.REDACT_ALL}" />
      <val name="flag" val="true" />
    </annotation>
  </item>
  <item name="android.net.VpnTransportInfo android.net.VpnTransportInfo makeCopy(long) 0">
    <annotation name="androidx.annotation.LongDef">
      <val name="value" val="{android.net.NetworkCapabilities.REDACT_NONE, android.net.NetworkCapabilities.REDACT_FOR_ACCESS_FINE_LOCATION, android.net.NetworkCapabilities.REDACT_FOR_LOCAL_MAC_ADDRESS, android.net.NetworkCapabilities.REDACT_FOR_NETWORK_SETTINGS, android.net.NetworkCapabilities.REDACT_ALL}" />
      <val name="flag" val="true" />
    </annotation>
  </item>
  <item name="android.net.VpnTransportInfo long getApplicableRedactions()">
    <annotation name="androidx.annotation.LongDef">
      <val name="value" val="{android.net.NetworkCapabilities.REDACT_NONE, android.net.NetworkCapabilities.REDACT_FOR_ACCESS_FINE_LOCATION, android.net.NetworkCapabilities.REDACT_FOR_LOCAL_MAC_ADDRESS, android.net.NetworkCapabilities.REDACT_FOR_NETWORK_SETTINGS, android.net.NetworkCapabilities.REDACT_ALL}" />
      <val name="flag" val="true" />
    </annotation>
  </item>
</root>

