<?xml version="1.0" encoding="UTF-8"?>
<root>
  <item name="android.app.StatsManager boolean addConfiguration(long, byte[])">
    <annotation name="androidx.annotation.RequiresPermission">
      <val name="allOf" val="{&quot;android.permission.DUMP&quot;, &quot;android.permission.PACKAGE_USAGE_STATS&quot;}" />
    </annotation>
  </item>
  <item name="android.app.StatsManager boolean removeConfiguration(long)">
    <annotation name="androidx.annotation.RequiresPermission">
      <val name="allOf" val="{&quot;android.permission.DUMP&quot;, &quot;android.permission.PACKAGE_USAGE_STATS&quot;}" />
    </annotation>
  </item>
  <item name="android.app.StatsManager boolean setBroadcastSubscriber(long, long, android.app.PendingIntent)">
    <annotation name="androidx.annotation.RequiresPermission">
      <val name="allOf" val="{&quot;android.permission.DUMP&quot;, &quot;android.permission.PACKAGE_USAGE_STATS&quot;}" />
    </annotation>
  </item>
  <item name="android.app.StatsManager boolean setDataFetchOperation(long, android.app.PendingIntent)">
    <annotation name="androidx.annotation.RequiresPermission">
      <val name="allOf" val="{&quot;android.permission.DUMP&quot;, &quot;android.permission.PACKAGE_USAGE_STATS&quot;}" />
    </annotation>
  </item>
  <item name="android.app.StatsManager byte[] getData(long)">
    <annotation name="androidx.annotation.RequiresPermission">
      <val name="allOf" val="{&quot;android.permission.DUMP&quot;, &quot;android.permission.PACKAGE_USAGE_STATS&quot;}" />
    </annotation>
  </item>
  <item name="android.app.StatsManager byte[] getMetadata()">
    <annotation name="androidx.annotation.RequiresPermission">
      <val name="allOf" val="{&quot;android.permission.DUMP&quot;, &quot;android.permission.PACKAGE_USAGE_STATS&quot;}" />
    </annotation>
  </item>
  <item name="android.app.StatsManager byte[] getReports(long)">
    <annotation name="androidx.annotation.RequiresPermission">
      <val name="allOf" val="{&quot;android.permission.DUMP&quot;, &quot;android.permission.PACKAGE_USAGE_STATS&quot;}" />
    </annotation>
  </item>
  <item name="android.app.StatsManager byte[] getStatsMetadata()">
    <annotation name="androidx.annotation.RequiresPermission">
      <val name="allOf" val="{&quot;android.permission.DUMP&quot;, &quot;android.permission.PACKAGE_USAGE_STATS&quot;}" />
    </annotation>
  </item>
  <item name="android.app.StatsManager long[] getRegisteredExperimentIds()">
    <annotation name="androidx.annotation.RequiresPermission">
      <val name="allOf" val="{&quot;android.permission.DUMP&quot;, &quot;android.permission.PACKAGE_USAGE_STATS&quot;}" />
    </annotation>
  </item>
  <item name="android.app.StatsManager long[] setActiveConfigsChangedOperation(android.app.PendingIntent)">
    <annotation name="androidx.annotation.RequiresPermission">
      <val name="allOf" val="{&quot;android.permission.DUMP&quot;, &quot;android.permission.PACKAGE_USAGE_STATS&quot;}" />
    </annotation>
  </item>
  <item name="android.app.StatsManager long[] setRestrictedMetricsChangedOperation(long, java.lang.String, android.app.PendingIntent)">
    <annotation name="androidx.annotation.RequiresPermission">
      <val name="value" val="&quot;android.permission.READ_RESTRICTED_STATS&quot;" />
    </annotation>
  </item>
  <item name="android.app.StatsManager void addConfig(long, byte[])">
    <annotation name="androidx.annotation.RequiresPermission">
      <val name="allOf" val="{&quot;android.permission.DUMP&quot;, &quot;android.permission.PACKAGE_USAGE_STATS&quot;}" />
    </annotation>
  </item>
  <item name="android.app.StatsManager void clearPullAtomCallback(int)">
    <annotation name="androidx.annotation.RequiresPermission">
      <val name="value" val="&quot;android.permission.REGISTER_STATS_PULL_ATOM&quot;" />
    </annotation>
  </item>
  <item name="android.app.StatsManager void query(long, java.lang.String, android.app.StatsQuery, java.util.concurrent.Executor, android.os.OutcomeReceiver&lt;android.app.StatsCursor,android.app.StatsManager.StatsQueryException&gt;)">
    <annotation name="androidx.annotation.RequiresPermission">
      <val name="value" val="&quot;android.permission.READ_RESTRICTED_STATS&quot;" />
    </annotation>
  </item>
  <item name="android.app.StatsManager void removeConfig(long)">
    <annotation name="androidx.annotation.RequiresPermission">
      <val name="allOf" val="{&quot;android.permission.DUMP&quot;, &quot;android.permission.PACKAGE_USAGE_STATS&quot;}" />
    </annotation>
  </item>
  <item name="android.app.StatsManager void setBroadcastSubscriber(android.app.PendingIntent, long, long)">
    <annotation name="androidx.annotation.RequiresPermission">
      <val name="allOf" val="{&quot;android.permission.DUMP&quot;, &quot;android.permission.PACKAGE_USAGE_STATS&quot;}" />
    </annotation>
  </item>
  <item name="android.app.StatsManager void setFetchReportsOperation(android.app.PendingIntent, long)">
    <annotation name="androidx.annotation.RequiresPermission">
      <val name="allOf" val="{&quot;android.permission.DUMP&quot;, &quot;android.permission.PACKAGE_USAGE_STATS&quot;}" />
    </annotation>
  </item>
  <item name="android.app.StatsManager void setPullAtomCallback(int, android.app.StatsManager.PullAtomMetadata, java.util.concurrent.Executor, android.app.StatsManager.StatsPullAtomCallback)">
    <annotation name="androidx.annotation.RequiresPermission">
      <val name="value" val="&quot;android.permission.REGISTER_STATS_PULL_ATOM&quot;" />
    </annotation>
  </item>
  <item name="android.app.StatsQuery int getMinSqlClientVersion()">
    <annotation name="androidx.annotation.IntRange">
      <val name="from" val="0" />
    </annotation>
  </item>
  <item name="android.app.StatsQuery int getSqlDialect()">
    <annotation name="androidx.annotation.IntDef">
      <val name="value" val="{android.app.StatsQuery.DIALECT_UNKNOWN, android.app.StatsQuery.DIALECT_SQLITE}" />
    </annotation>
  </item>
  <item name="android.app.StatsQuery.Builder android.app.StatsQuery.Builder setMinSqlClientVersion(int) 0">
    <annotation name="androidx.annotation.IntRange">
      <val name="from" val="0" />
    </annotation>
  </item>
  <item name="android.app.StatsQuery.Builder android.app.StatsQuery.Builder setSqlDialect(int) 0">
    <annotation name="androidx.annotation.IntDef">
      <val name="value" val="{android.app.StatsQuery.DIALECT_UNKNOWN, android.app.StatsQuery.DIALECT_SQLITE}" />
    </annotation>
  </item>
</root>

