<?xml version="1.0" encoding="UTF-8"?>
<root>
  <item name="android.net.thread.ActiveOperationalDataset android.util.SparseArray&lt;byte[]&gt; getChannelMask()">
    <annotation name="androidx.annotation.Size">
      <val name="min" val="1" />
    </annotation>
  </item>
  <item name="android.net.thread.ActiveOperationalDataset byte[] getExtendedPanId()">
    <annotation name="androidx.annotation.Size">
      <val name="value" val="8" />
    </annotation>
  </item>
  <item name="android.net.thread.ActiveOperationalDataset byte[] getNetworkKey()">
    <annotation name="androidx.annotation.Size">
      <val name="value" val="16" />
    </annotation>
  </item>
  <item name="android.net.thread.ActiveOperationalDataset byte[] getPskc()">
    <annotation name="androidx.annotation.Size">
      <val name="value" val="16" />
    </annotation>
  </item>
  <item name="android.net.thread.ActiveOperationalDataset int getChannel()">
    <annotation name="androidx.annotation.IntRange">
      <val name="from" val="0" />
      <val name="to" val="65535" />
    </annotation>
  </item>
  <item name="android.net.thread.ActiveOperationalDataset int getChannelPage()">
    <annotation name="androidx.annotation.IntRange">
      <val name="from" val="0" />
      <val name="to" val="255" />
    </annotation>
  </item>
  <item name="android.net.thread.ActiveOperationalDataset int getPanId()">
    <annotation name="androidx.annotation.IntRange">
      <val name="from" val="0" />
      <val name="to" val="65534" />
    </annotation>
  </item>
  <item name="android.net.thread.ActiveOperationalDataset java.lang.String getNetworkName()">
    <annotation name="androidx.annotation.Size">
      <val name="max" val="16" />
      <val name="min" val="1" />
    </annotation>
  </item>
  <item name="android.net.thread.ActiveOperationalDataset.Builder android.net.thread.ActiveOperationalDataset.Builder setChannel(int, int) 0">
    <annotation name="androidx.annotation.IntRange">
      <val name="from" val="0" />
      <val name="to" val="255" />
    </annotation>
  </item>
  <item name="android.net.thread.ActiveOperationalDataset.Builder android.net.thread.ActiveOperationalDataset.Builder setChannel(int, int) 1">
    <annotation name="androidx.annotation.IntRange">
      <val name="from" val="0" />
      <val name="to" val="65535" />
    </annotation>
  </item>
  <item name="android.net.thread.ActiveOperationalDataset.Builder android.net.thread.ActiveOperationalDataset.Builder setChannelMask(android.util.SparseArray&lt;byte[]&gt;) 0">
    <annotation name="androidx.annotation.Size">
      <val name="min" val="1" />
    </annotation>
  </item>
  <item name="android.net.thread.ActiveOperationalDataset.Builder android.net.thread.ActiveOperationalDataset.Builder setExtendedPanId(byte[]) 0">
    <annotation name="androidx.annotation.Size">
      <val name="value" val="8" />
    </annotation>
  </item>
  <item name="android.net.thread.ActiveOperationalDataset.Builder android.net.thread.ActiveOperationalDataset.Builder setNetworkKey(byte[]) 0">
    <annotation name="androidx.annotation.Size">
      <val name="value" val="16" />
    </annotation>
  </item>
  <item name="android.net.thread.ActiveOperationalDataset.Builder android.net.thread.ActiveOperationalDataset.Builder setNetworkName(java.lang.String) 0">
    <annotation name="androidx.annotation.Size">
      <val name="max" val="16" />
      <val name="min" val="1" />
    </annotation>
  </item>
  <item name="android.net.thread.ActiveOperationalDataset.Builder android.net.thread.ActiveOperationalDataset.Builder setPanId(int) 0">
    <annotation name="androidx.annotation.IntRange">
      <val name="from" val="0" />
      <val name="to" val="65534" />
    </annotation>
  </item>
  <item name="android.net.thread.ActiveOperationalDataset.Builder android.net.thread.ActiveOperationalDataset.Builder setPskc(byte[]) 0">
    <annotation name="androidx.annotation.Size">
      <val name="value" val="16" />
    </annotation>
  </item>
  <item name="android.net.thread.ActiveOperationalDataset.SecurityPolicy SecurityPolicy(int, byte[]) 0">
    <annotation name="androidx.annotation.IntRange">
      <val name="from" val="1" />
      <val name="to" val="65535" />
    </annotation>
  </item>
  <item name="android.net.thread.ActiveOperationalDataset.SecurityPolicy SecurityPolicy(int, byte[]) 1">
    <annotation name="androidx.annotation.Size">
      <val name="min" val="1" />
    </annotation>
  </item>
  <item name="android.net.thread.ActiveOperationalDataset.SecurityPolicy byte[] getFlags()">
    <annotation name="androidx.annotation.Size">
      <val name="min" val="1" />
    </annotation>
  </item>
  <item name="android.net.thread.ActiveOperationalDataset.SecurityPolicy int getRotationTimeHours()">
    <annotation name="androidx.annotation.IntRange">
      <val name="from" val="1" />
      <val name="to" val="65535" />
    </annotation>
  </item>
  <item name="android.net.thread.OperationalDatasetTimestamp OperationalDatasetTimestamp(long, int, boolean) 0">
    <annotation name="androidx.annotation.IntRange">
      <val name="from" val="0" />
      <val name="to" val="281474976710655" />
    </annotation>
  </item>
  <item name="android.net.thread.OperationalDatasetTimestamp OperationalDatasetTimestamp(long, int, boolean) 1">
    <annotation name="androidx.annotation.IntRange">
      <val name="from" val="0" />
      <val name="to" val="32767" />
    </annotation>
  </item>
  <item name="android.net.thread.OperationalDatasetTimestamp int getTicks()">
    <annotation name="androidx.annotation.IntRange">
      <val name="from" val="0" />
      <val name="to" val="32767" />
    </annotation>
  </item>
  <item name="android.net.thread.OperationalDatasetTimestamp long getSeconds()">
    <annotation name="androidx.annotation.IntRange">
      <val name="from" val="0" />
      <val name="to" val="281474976710655" />
    </annotation>
  </item>
  <item name="android.net.thread.ThreadNetworkController boolean isAttached(int) 0">
    <annotation name="androidx.annotation.IntDef">
      <val name="value" val="{android.net.thread.ThreadNetworkController.DEVICE_ROLE_STOPPED, android.net.thread.ThreadNetworkController.DEVICE_ROLE_DETACHED, android.net.thread.ThreadNetworkController.DEVICE_ROLE_CHILD, android.net.thread.ThreadNetworkController.DEVICE_ROLE_ROUTER, android.net.thread.ThreadNetworkController.DEVICE_ROLE_LEADER}" />
    </annotation>
  </item>
  <item name="android.net.thread.ThreadNetworkController int getThreadVersion()">
    <annotation name="androidx.annotation.IntDef">
      <val name="value" val="{android.net.thread.ThreadNetworkController.THREAD_VERSION_1_3}" />
    </annotation>
  </item>
  <item name="android.net.thread.ThreadNetworkController void join(android.net.thread.ActiveOperationalDataset, java.util.concurrent.Executor, android.os.OutcomeReceiver&lt;java.lang.Void,android.net.thread.ThreadNetworkException&gt;)">
    <annotation name="androidx.annotation.RequiresPermission">
      <val name="value" val="&quot;android.permission.THREAD_NETWORK_PRIVILEGED&quot;" />
    </annotation>
  </item>
  <item name="android.net.thread.ThreadNetworkController void leave(java.util.concurrent.Executor, android.os.OutcomeReceiver&lt;java.lang.Void,android.net.thread.ThreadNetworkException&gt;)">
    <annotation name="androidx.annotation.RequiresPermission">
      <val name="value" val="&quot;android.permission.THREAD_NETWORK_PRIVILEGED&quot;" />
    </annotation>
  </item>
  <item name="android.net.thread.ThreadNetworkController void registerOperationalDatasetCallback(java.util.concurrent.Executor, android.net.thread.ThreadNetworkController.OperationalDatasetCallback)">
    <annotation name="androidx.annotation.RequiresPermission">
      <val name="allOf" val="{&quot;android.permission.ACCESS_NETWORK_STATE&quot;, &quot;android.permission.THREAD_NETWORK_PRIVILEGED&quot;}" />
    </annotation>
  </item>
  <item name="android.net.thread.ThreadNetworkController void registerStateCallback(java.util.concurrent.Executor, android.net.thread.ThreadNetworkController.StateCallback)">
    <annotation name="androidx.annotation.RequiresPermission">
      <val name="value" val="&quot;android.permission.ACCESS_NETWORK_STATE&quot;" />
    </annotation>
  </item>
  <item name="android.net.thread.ThreadNetworkController void scheduleMigration(android.net.thread.PendingOperationalDataset, java.util.concurrent.Executor, android.os.OutcomeReceiver&lt;java.lang.Void,android.net.thread.ThreadNetworkException&gt;)">
    <annotation name="androidx.annotation.RequiresPermission">
      <val name="value" val="&quot;android.permission.THREAD_NETWORK_PRIVILEGED&quot;" />
    </annotation>
  </item>
  <item name="android.net.thread.ThreadNetworkController void unregisterOperationalDatasetCallback(android.net.thread.ThreadNetworkController.OperationalDatasetCallback)">
    <annotation name="androidx.annotation.RequiresPermission">
      <val name="allOf" val="{&quot;android.permission.ACCESS_NETWORK_STATE&quot;, &quot;android.permission.THREAD_NETWORK_PRIVILEGED&quot;}" />
    </annotation>
  </item>
  <item name="android.net.thread.ThreadNetworkController void unregisterStateCallback(android.net.thread.ThreadNetworkController.StateCallback)">
    <annotation name="androidx.annotation.RequiresPermission">
      <val name="value" val="&quot;android.permission.ACCESS_NETWORK_STATE&quot;" />
    </annotation>
  </item>
  <item name="android.net.thread.ThreadNetworkController.StateCallback void onDeviceRoleChanged(int) 0">
    <annotation name="androidx.annotation.IntDef">
      <val name="value" val="{android.net.thread.ThreadNetworkController.DEVICE_ROLE_STOPPED, android.net.thread.ThreadNetworkController.DEVICE_ROLE_DETACHED, android.net.thread.ThreadNetworkController.DEVICE_ROLE_CHILD, android.net.thread.ThreadNetworkController.DEVICE_ROLE_ROUTER, android.net.thread.ThreadNetworkController.DEVICE_ROLE_LEADER}" />
    </annotation>
  </item>
  <item name="android.net.thread.ThreadNetworkException ThreadNetworkException(int, java.lang.String) 0">
    <annotation name="androidx.annotation.IntDef">
      <val name="value" val="{android.net.thread.ThreadNetworkException.ERROR_INTERNAL_ERROR, android.net.thread.ThreadNetworkException.ERROR_ABORTED, android.net.thread.ThreadNetworkException.ERROR_TIMEOUT, android.net.thread.ThreadNetworkException.ERROR_UNAVAILABLE, android.net.thread.ThreadNetworkException.ERROR_BUSY, android.net.thread.ThreadNetworkException.ERROR_FAILED_PRECONDITION, android.net.thread.ThreadNetworkException.ERROR_UNSUPPORTED_CHANNEL, android.net.thread.ThreadNetworkException.ERROR_REJECTED_BY_PEER, android.net.thread.ThreadNetworkException.ERROR_RESPONSE_BAD_FORMAT, android.net.thread.ThreadNetworkException.ERROR_RESOURCE_EXHAUSTED}" />
    </annotation>
  </item>
  <item name="android.net.thread.ThreadNetworkException int getErrorCode()">
    <annotation name="androidx.annotation.IntDef">
      <val name="value" val="{android.net.thread.ThreadNetworkException.ERROR_INTERNAL_ERROR, android.net.thread.ThreadNetworkException.ERROR_ABORTED, android.net.thread.ThreadNetworkException.ERROR_TIMEOUT, android.net.thread.ThreadNetworkException.ERROR_UNAVAILABLE, android.net.thread.ThreadNetworkException.ERROR_BUSY, android.net.thread.ThreadNetworkException.ERROR_FAILED_PRECONDITION, android.net.thread.ThreadNetworkException.ERROR_UNSUPPORTED_CHANNEL, android.net.thread.ThreadNetworkException.ERROR_REJECTED_BY_PEER, android.net.thread.ThreadNetworkException.ERROR_RESPONSE_BAD_FORMAT, android.net.thread.ThreadNetworkException.ERROR_RESOURCE_EXHAUSTED}" />
    </annotation>
  </item>
</root>

