<?xml version="1.0" encoding="UTF-8"?>
<root>
  <item name="com.android.server.art.model.ArtFlags int defaultGetStatusFlags()">
    <annotation name="androidx.annotation.IntDef">
      <val name="value" val="{com.android.server.art.model.ArtFlags.FLAG_FOR_PRIMARY_DEX, com.android.server.art.model.ArtFlags.FLAG_FOR_SECONDARY_DEX}" />
      <val name="flag" val="true" />
    </annotation>
  </item>
  <item name="com.android.server.art.model.DexoptParams int getFlags()">
    <annotation name="androidx.annotation.IntDef">
      <val name="value" val="{com.android.server.art.model.ArtFlags.FLAG_FOR_PRIMARY_DEX, com.android.server.art.model.ArtFlags.FLAG_FOR_SECONDARY_DEX, com.android.server.art.model.ArtFlags.FLAG_SHOULD_INCLUDE_DEPENDENCIES, com.android.server.art.model.ArtFlags.FLAG_SHOULD_DOWNGRADE, com.android.server.art.model.ArtFlags.FLAG_FORCE, com.android.server.art.model.ArtFlags.FLAG_FOR_SINGLE_SPLIT, com.android.server.art.model.ArtFlags.FLAG_SKIP_IF_STORAGE_LOW, com.android.server.art.model.ArtFlags.FLAG_IGNORE_PROFILE}" />
      <val name="flag" val="true" />
    </annotation>
  </item>
  <item name="com.android.server.art.model.DexoptParams int getPriorityClass()">
    <annotation name="androidx.annotation.IntDef">
      <val name="value" val="{com.android.server.art.model.ArtFlags.PRIORITY_BOOT, com.android.server.art.model.ArtFlags.PRIORITY_INTERACTIVE_FAST, com.android.server.art.model.ArtFlags.PRIORITY_INTERACTIVE, com.android.server.art.model.ArtFlags.PRIORITY_BACKGROUND}" />
    </annotation>
  </item>
  <item name="com.android.server.art.model.DexoptParams.Builder Builder(java.lang.String, int) 1">
    <annotation name="androidx.annotation.IntDef">
      <val name="value" val="{com.android.server.art.model.ArtFlags.FLAG_FOR_PRIMARY_DEX, com.android.server.art.model.ArtFlags.FLAG_FOR_SECONDARY_DEX, com.android.server.art.model.ArtFlags.FLAG_SHOULD_INCLUDE_DEPENDENCIES, com.android.server.art.model.ArtFlags.FLAG_SHOULD_DOWNGRADE, com.android.server.art.model.ArtFlags.FLAG_FORCE, com.android.server.art.model.ArtFlags.FLAG_FOR_SINGLE_SPLIT, com.android.server.art.model.ArtFlags.FLAG_SKIP_IF_STORAGE_LOW, com.android.server.art.model.ArtFlags.FLAG_IGNORE_PROFILE}" />
      <val name="flag" val="true" />
    </annotation>
  </item>
  <item name="com.android.server.art.model.DexoptParams.Builder com.android.server.art.model.DexoptParams.Builder setFlags(int) 0">
    <annotation name="androidx.annotation.IntDef">
      <val name="value" val="{com.android.server.art.model.ArtFlags.FLAG_FOR_PRIMARY_DEX, com.android.server.art.model.ArtFlags.FLAG_FOR_SECONDARY_DEX, com.android.server.art.model.ArtFlags.FLAG_SHOULD_INCLUDE_DEPENDENCIES, com.android.server.art.model.ArtFlags.FLAG_SHOULD_DOWNGRADE, com.android.server.art.model.ArtFlags.FLAG_FORCE, com.android.server.art.model.ArtFlags.FLAG_FOR_SINGLE_SPLIT, com.android.server.art.model.ArtFlags.FLAG_SKIP_IF_STORAGE_LOW, com.android.server.art.model.ArtFlags.FLAG_IGNORE_PROFILE}" />
      <val name="flag" val="true" />
    </annotation>
  </item>
  <item name="com.android.server.art.model.DexoptParams.Builder com.android.server.art.model.DexoptParams.Builder setFlags(int, int) 0">
    <annotation name="androidx.annotation.IntDef">
      <val name="value" val="{com.android.server.art.model.ArtFlags.FLAG_FOR_PRIMARY_DEX, com.android.server.art.model.ArtFlags.FLAG_FOR_SECONDARY_DEX, com.android.server.art.model.ArtFlags.FLAG_SHOULD_INCLUDE_DEPENDENCIES, com.android.server.art.model.ArtFlags.FLAG_SHOULD_DOWNGRADE, com.android.server.art.model.ArtFlags.FLAG_FORCE, com.android.server.art.model.ArtFlags.FLAG_FOR_SINGLE_SPLIT, com.android.server.art.model.ArtFlags.FLAG_SKIP_IF_STORAGE_LOW, com.android.server.art.model.ArtFlags.FLAG_IGNORE_PROFILE}" />
      <val name="flag" val="true" />
    </annotation>
  </item>
  <item name="com.android.server.art.model.DexoptParams.Builder com.android.server.art.model.DexoptParams.Builder setFlags(int, int) 1">
    <annotation name="androidx.annotation.IntDef">
      <val name="value" val="{com.android.server.art.model.ArtFlags.FLAG_FOR_PRIMARY_DEX, com.android.server.art.model.ArtFlags.FLAG_FOR_SECONDARY_DEX, com.android.server.art.model.ArtFlags.FLAG_SHOULD_INCLUDE_DEPENDENCIES, com.android.server.art.model.ArtFlags.FLAG_SHOULD_DOWNGRADE, com.android.server.art.model.ArtFlags.FLAG_FORCE, com.android.server.art.model.ArtFlags.FLAG_FOR_SINGLE_SPLIT, com.android.server.art.model.ArtFlags.FLAG_SKIP_IF_STORAGE_LOW, com.android.server.art.model.ArtFlags.FLAG_IGNORE_PROFILE}" />
      <val name="flag" val="true" />
    </annotation>
  </item>
  <item name="com.android.server.art.model.DexoptParams.Builder com.android.server.art.model.DexoptParams.Builder setPriorityClass(int) 0">
    <annotation name="androidx.annotation.IntDef">
      <val name="value" val="{com.android.server.art.model.ArtFlags.PRIORITY_BOOT, com.android.server.art.model.ArtFlags.PRIORITY_INTERACTIVE_FAST, com.android.server.art.model.ArtFlags.PRIORITY_INTERACTIVE, com.android.server.art.model.ArtFlags.PRIORITY_BACKGROUND}" />
    </annotation>
  </item>
  <item name="com.android.server.art.model.DexoptResult int getFinalStatus()">
    <annotation name="androidx.annotation.IntDef">
      <val name="value" val="{com.android.server.art.model.DexoptResult.DEXOPT_SKIPPED, com.android.server.art.model.DexoptResult.DEXOPT_FAILED, com.android.server.art.model.DexoptResult.DEXOPT_PERFORMED, com.android.server.art.model.DexoptResult.DEXOPT_CANCELLED}" />
    </annotation>
  </item>
  <item name="com.android.server.art.model.DexoptResult.DexContainerFileDexoptResult int getExtendedStatusFlags()">
    <annotation name="androidx.annotation.IntDef">
      <val name="value" val="{com.android.server.art.model.DexoptResult.EXTENDED_SKIPPED_STORAGE_LOW, com.android.server.art.model.DexoptResult.EXTENDED_SKIPPED_NO_DEX_CODE, com.android.server.art.model.DexoptResult.EXTENDED_BAD_EXTERNAL_PROFILE}" />
      <val name="flag" val="true" />
    </annotation>
  </item>
  <item name="com.android.server.art.model.DexoptResult.DexContainerFileDexoptResult int getStatus()">
    <annotation name="androidx.annotation.IntDef">
      <val name="value" val="{com.android.server.art.model.DexoptResult.DEXOPT_SKIPPED, com.android.server.art.model.DexoptResult.DEXOPT_FAILED, com.android.server.art.model.DexoptResult.DEXOPT_PERFORMED, com.android.server.art.model.DexoptResult.DEXOPT_CANCELLED}" />
    </annotation>
  </item>
  <item name="com.android.server.art.model.DexoptResult.PackageDexoptResult int getStatus()">
    <annotation name="androidx.annotation.IntDef">
      <val name="value" val="{com.android.server.art.model.DexoptResult.DEXOPT_SKIPPED, com.android.server.art.model.DexoptResult.DEXOPT_FAILED, com.android.server.art.model.DexoptResult.DEXOPT_PERFORMED, com.android.server.art.model.DexoptResult.DEXOPT_CANCELLED}" />
    </annotation>
  </item>
</root>

