<?xml version="1.0" encoding="UTF-8"?>
<root>
  <item name="android.media.ApplicationMediaCapabilities boolean isHdrTypeSupported(java.lang.String) 0">
    <annotation name="androidx.annotation.StringDef">
      <val name="value" val="{android.media.MediaFeature.HdrType.DOLBY_VISION, android.media.MediaFeature.HdrType.HDR10, android.media.MediaFeature.HdrType.HDR10_PLUS, android.media.MediaFeature.HdrType.HLG}" />
    </annotation>
  </item>
  <item name="android.media.ApplicationMediaCapabilities.Builder android.media.ApplicationMediaCapabilities.Builder addSupportedHdrType(java.lang.String) 0">
    <annotation name="androidx.annotation.StringDef">
      <val name="value" val="{android.media.MediaFeature.HdrType.DOLBY_VISION, android.media.MediaFeature.HdrType.HDR10, android.media.MediaFeature.HdrType.HDR10_PLUS, android.media.MediaFeature.HdrType.HLG}" />
    </annotation>
  </item>
  <item name="android.media.ApplicationMediaCapabilities.Builder android.media.ApplicationMediaCapabilities.Builder addUnsupportedHdrType(java.lang.String) 0">
    <annotation name="androidx.annotation.StringDef">
      <val name="value" val="{android.media.MediaFeature.HdrType.DOLBY_VISION, android.media.MediaFeature.HdrType.HDR10, android.media.MediaFeature.HdrType.HDR10_PLUS, android.media.MediaFeature.HdrType.HLG}" />
    </annotation>
  </item>
  <item name="android.media.MediaCommunicationManager int getVersion()">
    <annotation name="androidx.annotation.IntRange">
      <val name="from" val="1" />
    </annotation>
  </item>
  <item name="android.media.MediaParser android.media.MediaParser create(android.media.MediaParser.OutputConsumer, java.lang.String...) 1">
    <annotation name="androidx.annotation.StringDef">
      <val name="value" val="{android.media.MediaParser.PARSER_NAME_UNKNOWN, android.media.MediaParser.PARSER_NAME_MATROSKA, android.media.MediaParser.PARSER_NAME_FMP4, android.media.MediaParser.PARSER_NAME_MP4, android.media.MediaParser.PARSER_NAME_MP3, android.media.MediaParser.PARSER_NAME_ADTS, android.media.MediaParser.PARSER_NAME_AC3, android.media.MediaParser.PARSER_NAME_TS, android.media.MediaParser.PARSER_NAME_FLV, android.media.MediaParser.PARSER_NAME_OGG, android.media.MediaParser.PARSER_NAME_PS, android.media.MediaParser.PARSER_NAME_WAV, android.media.MediaParser.PARSER_NAME_AMR, android.media.MediaParser.PARSER_NAME_AC4, android.media.MediaParser.PARSER_NAME_FLAC}" />
    </annotation>
  </item>
  <item name="android.media.MediaParser android.media.MediaParser createByName(java.lang.String, android.media.MediaParser.OutputConsumer) 0">
    <annotation name="androidx.annotation.StringDef">
      <val name="value" val="{android.media.MediaParser.PARSER_NAME_UNKNOWN, android.media.MediaParser.PARSER_NAME_MATROSKA, android.media.MediaParser.PARSER_NAME_FMP4, android.media.MediaParser.PARSER_NAME_MP4, android.media.MediaParser.PARSER_NAME_MP3, android.media.MediaParser.PARSER_NAME_ADTS, android.media.MediaParser.PARSER_NAME_AC3, android.media.MediaParser.PARSER_NAME_TS, android.media.MediaParser.PARSER_NAME_FLV, android.media.MediaParser.PARSER_NAME_OGG, android.media.MediaParser.PARSER_NAME_PS, android.media.MediaParser.PARSER_NAME_WAV, android.media.MediaParser.PARSER_NAME_AMR, android.media.MediaParser.PARSER_NAME_AC4, android.media.MediaParser.PARSER_NAME_FLAC}" />
    </annotation>
  </item>
  <item name="android.media.MediaParser android.media.MediaParser setParameter(java.lang.String, java.lang.Object) 0">
    <annotation name="androidx.annotation.StringDef">
      <val name="value" val="{android.media.MediaParser.PARAMETER_ADTS_ENABLE_CBR_SEEKING, android.media.MediaParser.PARAMETER_AMR_ENABLE_CBR_SEEKING, android.media.MediaParser.PARAMETER_FLAC_DISABLE_ID3, android.media.MediaParser.PARAMETER_MP4_IGNORE_EDIT_LISTS, android.media.MediaParser.PARAMETER_MP4_IGNORE_TFDT_BOX, android.media.MediaParser.PARAMETER_MP4_TREAT_VIDEO_FRAMES_AS_KEYFRAMES, android.media.MediaParser.PARAMETER_MATROSKA_DISABLE_CUES_SEEKING, android.media.MediaParser.PARAMETER_MP3_DISABLE_ID3, android.media.MediaParser.PARAMETER_MP3_ENABLE_CBR_SEEKING, android.media.MediaParser.PARAMETER_MP3_ENABLE_INDEX_SEEKING, android.media.MediaParser.PARAMETER_TS_MODE, android.media.MediaParser.PARAMETER_TS_ALLOW_NON_IDR_AVC_KEYFRAMES, android.media.MediaParser.PARAMETER_TS_IGNORE_AAC_STREAM, android.media.MediaParser.PARAMETER_TS_IGNORE_AVC_STREAM, android.media.MediaParser.PARAMETER_TS_IGNORE_SPLICE_INFO_STREAM, android.media.MediaParser.PARAMETER_TS_DETECT_ACCESS_UNITS, android.media.MediaParser.PARAMETER_TS_ENABLE_HDMV_DTS_AUDIO_STREAMS}" />
    </annotation>
  </item>
  <item name="android.media.MediaParser boolean supportsParameter(java.lang.String) 0">
    <annotation name="androidx.annotation.StringDef">
      <val name="value" val="{android.media.MediaParser.PARAMETER_ADTS_ENABLE_CBR_SEEKING, android.media.MediaParser.PARAMETER_AMR_ENABLE_CBR_SEEKING, android.media.MediaParser.PARAMETER_FLAC_DISABLE_ID3, android.media.MediaParser.PARAMETER_MP4_IGNORE_EDIT_LISTS, android.media.MediaParser.PARAMETER_MP4_IGNORE_TFDT_BOX, android.media.MediaParser.PARAMETER_MP4_TREAT_VIDEO_FRAMES_AS_KEYFRAMES, android.media.MediaParser.PARAMETER_MATROSKA_DISABLE_CUES_SEEKING, android.media.MediaParser.PARAMETER_MP3_DISABLE_ID3, android.media.MediaParser.PARAMETER_MP3_ENABLE_CBR_SEEKING, android.media.MediaParser.PARAMETER_MP3_ENABLE_INDEX_SEEKING, android.media.MediaParser.PARAMETER_TS_MODE, android.media.MediaParser.PARAMETER_TS_ALLOW_NON_IDR_AVC_KEYFRAMES, android.media.MediaParser.PARAMETER_TS_IGNORE_AAC_STREAM, android.media.MediaParser.PARAMETER_TS_IGNORE_AVC_STREAM, android.media.MediaParser.PARAMETER_TS_IGNORE_SPLICE_INFO_STREAM, android.media.MediaParser.PARAMETER_TS_DETECT_ACCESS_UNITS, android.media.MediaParser.PARAMETER_TS_ENABLE_HDMV_DTS_AUDIO_STREAMS}" />
    </annotation>
  </item>
  <item name="android.media.MediaParser java.lang.String getParserName()">
    <annotation name="androidx.annotation.StringDef">
      <val name="value" val="{android.media.MediaParser.PARSER_NAME_UNKNOWN, android.media.MediaParser.PARSER_NAME_MATROSKA, android.media.MediaParser.PARSER_NAME_FMP4, android.media.MediaParser.PARSER_NAME_MP4, android.media.MediaParser.PARSER_NAME_MP3, android.media.MediaParser.PARSER_NAME_ADTS, android.media.MediaParser.PARSER_NAME_AC3, android.media.MediaParser.PARSER_NAME_TS, android.media.MediaParser.PARSER_NAME_FLV, android.media.MediaParser.PARSER_NAME_OGG, android.media.MediaParser.PARSER_NAME_PS, android.media.MediaParser.PARSER_NAME_WAV, android.media.MediaParser.PARSER_NAME_AMR, android.media.MediaParser.PARSER_NAME_AC4, android.media.MediaParser.PARSER_NAME_FLAC}" />
    </annotation>
  </item>
  <item name="android.media.MediaParser java.util.List&lt;java.lang.String&gt; getParserNames(android.media.MediaFormat)">
    <annotation name="androidx.annotation.StringDef">
      <val name="value" val="{android.media.MediaParser.PARSER_NAME_UNKNOWN, android.media.MediaParser.PARSER_NAME_MATROSKA, android.media.MediaParser.PARSER_NAME_FMP4, android.media.MediaParser.PARSER_NAME_MP4, android.media.MediaParser.PARSER_NAME_MP3, android.media.MediaParser.PARSER_NAME_ADTS, android.media.MediaParser.PARSER_NAME_AC3, android.media.MediaParser.PARSER_NAME_TS, android.media.MediaParser.PARSER_NAME_FLV, android.media.MediaParser.PARSER_NAME_OGG, android.media.MediaParser.PARSER_NAME_PS, android.media.MediaParser.PARSER_NAME_WAV, android.media.MediaParser.PARSER_NAME_AMR, android.media.MediaParser.PARSER_NAME_AC4, android.media.MediaParser.PARSER_NAME_FLAC}" />
    </annotation>
  </item>
  <item name="android.media.MediaParser.OutputConsumer void onSampleCompleted(int, long, int, int, int, android.media.MediaCodec.CryptoInfo) 2">
    <annotation name="androidx.annotation.IntDef">
      <val name="value" val="{android.media.MediaParser.SAMPLE_FLAG_KEY_FRAME, android.media.MediaParser.SAMPLE_FLAG_HAS_SUPPLEMENTAL_DATA, android.media.MediaParser.SAMPLE_FLAG_LAST_SAMPLE, android.media.MediaParser.SAMPLE_FLAG_ENCRYPTED, android.media.MediaParser.SAMPLE_FLAG_DECODE_ONLY}" />
      <val name="flag" val="true" />
    </annotation>
  </item>
  <item name="android.media.MediaSession2Service android.os.IBinder onBind(android.content.Intent)">
    <annotation name="androidx.annotation.CallSuper"/>
  </item>
  <item name="android.media.MediaSession2Service void onCreate()">
    <annotation name="androidx.annotation.CallSuper"/>
  </item>
  <item name="android.media.MediaSession2Service void onDestroy()">
    <annotation name="androidx.annotation.CallSuper"/>
  </item>
  <item name="android.media.MediaTranscodingManager.TranscodingSession int getErrorCode()">
    <annotation name="androidx.annotation.IntDef">
      <val name="value" val="{android.media.MediaTranscodingManager.TranscodingSession.ERROR_NONE, android.media.MediaTranscodingManager.TranscodingSession.ERROR_DROPPED_BY_SERVICE, android.media.MediaTranscodingManager.TranscodingSession.ERROR_SERVICE_DIED}" />
    </annotation>
  </item>
  <item name="android.media.MediaTranscodingManager.TranscodingSession int getProgress()">
    <annotation name="androidx.annotation.IntRange">
      <val name="from" val="0" />
      <val name="to" val="100" />
    </annotation>
  </item>
  <item name="android.media.MediaTranscodingManager.TranscodingSession int getResult()">
    <annotation name="androidx.annotation.IntDef">
      <val name="value" val="{android.media.MediaTranscodingManager.TranscodingSession.RESULT_NONE, android.media.MediaTranscodingManager.TranscodingSession.RESULT_SUCCESS, android.media.MediaTranscodingManager.TranscodingSession.RESULT_ERROR, android.media.MediaTranscodingManager.TranscodingSession.RESULT_CANCELED}" />
    </annotation>
  </item>
  <item name="android.media.MediaTranscodingManager.TranscodingSession int getStatus()">
    <annotation name="androidx.annotation.IntDef">
      <val name="value" val="{android.media.MediaTranscodingManager.TranscodingSession.STATUS_PENDING, android.media.MediaTranscodingManager.TranscodingSession.STATUS_RUNNING, android.media.MediaTranscodingManager.TranscodingSession.STATUS_FINISHED, android.media.MediaTranscodingManager.TranscodingSession.STATUS_PAUSED}" />
    </annotation>
  </item>
  <item name="android.media.MediaTranscodingManager.TranscodingSession.OnProgressUpdateListener void onProgressUpdate(android.media.MediaTranscodingManager.TranscodingSession, int) 1">
    <annotation name="androidx.annotation.IntRange">
      <val name="from" val="0" />
      <val name="to" val="100" />
    </annotation>
  </item>
  <item name="android.media.Session2Token int getType()">
    <annotation name="androidx.annotation.IntDef">
      <val name="value" val="{android.media.Session2Token.TYPE_SESSION, android.media.Session2Token.TYPE_SESSION_SERVICE}" />
    </annotation>
  </item>
</root>

