<?xml version="1.0" encoding="UTF-8"?>
<root>
  <item name="android.net.EthernetManager android.net.EthernetManager.TetheredInterfaceRequest requestTetheredInterface(java.util.concurrent.Executor, android.net.EthernetManager.TetheredInterfaceCallback)">
    <annotation name="androidx.annotation.RequiresPermission">
      <val name="anyOf" val="{&quot;android.permission.NETWORK_STACK&quot;, &quot;android.permission.MAINLINE_NETWORK_STACK&quot;}" />
    </annotation>
  </item>
  <item name="android.net.EthernetManager void disableInterface(java.lang.String, java.util.concurrent.Executor, android.os.OutcomeReceiver&lt;java.lang.String,android.net.EthernetNetworkManagementException&gt;)">
    <annotation name="androidx.annotation.RequiresPermission">
      <val name="anyOf" val="{&quot;android.permission.MAINLINE_NETWORK_STACK&quot;, &quot;android.permission.NETWORK_STACK&quot;, &quot;android.permission.MANAGE_ETHERNET_NETWORKS&quot;}" />
    </annotation>
  </item>
  <item name="android.net.EthernetManager void enableInterface(java.lang.String, java.util.concurrent.Executor, android.os.OutcomeReceiver&lt;java.lang.String,android.net.EthernetNetworkManagementException&gt;)">
    <annotation name="androidx.annotation.RequiresPermission">
      <val name="anyOf" val="{&quot;android.permission.MAINLINE_NETWORK_STACK&quot;, &quot;android.permission.NETWORK_STACK&quot;, &quot;android.permission.MANAGE_ETHERNET_NETWORKS&quot;}" />
    </annotation>
  </item>
  <item name="android.net.EthernetManager void updateConfiguration(java.lang.String, android.net.EthernetNetworkUpdateRequest, java.util.concurrent.Executor, android.os.OutcomeReceiver&lt;java.lang.String,android.net.EthernetNetworkManagementException&gt;)">
    <annotation name="androidx.annotation.RequiresPermission">
      <val name="anyOf" val="{&quot;android.permission.MAINLINE_NETWORK_STACK&quot;, &quot;android.permission.NETWORK_STACK&quot;, &quot;android.permission.MANAGE_ETHERNET_NETWORKS&quot;}" />
    </annotation>
  </item>
  <item name="android.net.IpSecAlgorithm IpSecAlgorithm(java.lang.String, byte[]) 0">
    <annotation name="androidx.annotation.StringDef">
      <val name="value" val="{android.net.IpSecAlgorithm.CRYPT_AES_CBC, android.net.IpSecAlgorithm.CRYPT_AES_CTR, android.net.IpSecAlgorithm.AUTH_HMAC_MD5, android.net.IpSecAlgorithm.AUTH_HMAC_SHA1, android.net.IpSecAlgorithm.AUTH_HMAC_SHA256, android.net.IpSecAlgorithm.AUTH_HMAC_SHA384, android.net.IpSecAlgorithm.AUTH_HMAC_SHA512, android.net.IpSecAlgorithm.AUTH_AES_XCBC, android.net.IpSecAlgorithm.AUTH_AES_CMAC, android.net.IpSecAlgorithm.AUTH_CRYPT_AES_GCM, android.net.IpSecAlgorithm.AUTH_CRYPT_CHACHA20_POLY1305}" />
    </annotation>
  </item>
  <item name="android.net.IpSecAlgorithm IpSecAlgorithm(java.lang.String, byte[], int) 0">
    <annotation name="androidx.annotation.StringDef">
      <val name="value" val="{android.net.IpSecAlgorithm.CRYPT_AES_CBC, android.net.IpSecAlgorithm.CRYPT_AES_CTR, android.net.IpSecAlgorithm.AUTH_HMAC_MD5, android.net.IpSecAlgorithm.AUTH_HMAC_SHA1, android.net.IpSecAlgorithm.AUTH_HMAC_SHA256, android.net.IpSecAlgorithm.AUTH_HMAC_SHA384, android.net.IpSecAlgorithm.AUTH_HMAC_SHA512, android.net.IpSecAlgorithm.AUTH_AES_XCBC, android.net.IpSecAlgorithm.AUTH_AES_CMAC, android.net.IpSecAlgorithm.AUTH_CRYPT_AES_GCM, android.net.IpSecAlgorithm.AUTH_CRYPT_CHACHA20_POLY1305}" />
    </annotation>
  </item>
  <item name="android.net.IpSecManager android.net.IpSecManager.IpSecTunnelInterface createIpSecTunnelInterface(java.net.InetAddress, java.net.InetAddress, android.net.Network)">
    <annotation name="androidx.annotation.RequiresPermission">
      <val name="value" val="&quot;android.permission.MANAGE_IPSEC_TUNNELS&quot;" />
    </annotation>
  </item>
  <item name="android.net.IpSecManager void applyTransportModeTransform(java.io.FileDescriptor, int, android.net.IpSecTransform) 1">
    <annotation name="androidx.annotation.IntDef">
      <val name="value" val="{android.net.IpSecManager.DIRECTION_IN, android.net.IpSecManager.DIRECTION_OUT}" />
    </annotation>
  </item>
  <item name="android.net.IpSecManager void applyTransportModeTransform(java.net.DatagramSocket, int, android.net.IpSecTransform) 1">
    <annotation name="androidx.annotation.IntDef">
      <val name="value" val="{android.net.IpSecManager.DIRECTION_IN, android.net.IpSecManager.DIRECTION_OUT}" />
    </annotation>
  </item>
  <item name="android.net.IpSecManager void applyTransportModeTransform(java.net.Socket, int, android.net.IpSecTransform) 1">
    <annotation name="androidx.annotation.IntDef">
      <val name="value" val="{android.net.IpSecManager.DIRECTION_IN, android.net.IpSecManager.DIRECTION_OUT}" />
    </annotation>
  </item>
  <item name="android.net.IpSecManager void applyTunnelModeTransform(android.net.IpSecManager.IpSecTunnelInterface, int, android.net.IpSecTransform)">
    <annotation name="androidx.annotation.RequiresPermission">
      <val name="value" val="&quot;android.permission.MANAGE_IPSEC_TUNNELS&quot;" />
    </annotation>
  </item>
  <item name="android.net.IpSecManager void applyTunnelModeTransform(android.net.IpSecManager.IpSecTunnelInterface, int, android.net.IpSecTransform) 1">
    <annotation name="androidx.annotation.IntDef">
      <val name="value" val="{android.net.IpSecManager.DIRECTION_IN, android.net.IpSecManager.DIRECTION_OUT}" />
    </annotation>
  </item>
  <item name="android.net.IpSecManager void startTunnelModeTransformMigration(android.net.IpSecTransform, java.net.InetAddress, java.net.InetAddress)">
    <annotation name="androidx.annotation.RequiresPermission">
      <val name="value" val="&quot;android.permission.MANAGE_IPSEC_TUNNELS&quot;" />
    </annotation>
  </item>
  <item name="android.net.IpSecManager.IpSecTunnelInterface void addAddress(java.net.InetAddress, int)">
    <annotation name="androidx.annotation.RequiresPermission">
      <val name="value" val="&quot;android.permission.MANAGE_IPSEC_TUNNELS&quot;" />
    </annotation>
  </item>
  <item name="android.net.IpSecManager.IpSecTunnelInterface void removeAddress(java.net.InetAddress, int)">
    <annotation name="androidx.annotation.RequiresPermission">
      <val name="value" val="&quot;android.permission.MANAGE_IPSEC_TUNNELS&quot;" />
    </annotation>
  </item>
  <item name="android.net.IpSecManager.IpSecTunnelInterface void setUnderlyingNetwork(android.net.Network)">
    <annotation name="androidx.annotation.RequiresPermission">
      <val name="value" val="&quot;android.permission.MANAGE_IPSEC_TUNNELS&quot;" />
    </annotation>
  </item>
  <item name="android.net.IpSecTransform.Builder android.net.IpSecTransform buildTunnelModeTransform(java.net.InetAddress, android.net.IpSecManager.SecurityParameterIndex)">
    <annotation name="androidx.annotation.RequiresPermission">
      <val name="value" val="&quot;android.permission.MANAGE_IPSEC_TUNNELS&quot;" />
    </annotation>
  </item>
  <item name="android.net.NetworkStats.Entry Entry(java.lang.String, int, int, int, int, int, int, long, long, long, long, long) 2">
    <annotation name="androidx.annotation.IntDef">
      <val name="value" val="{android.net.NetworkStats.SET_ALL, android.net.NetworkStats.SET_DEFAULT, android.net.NetworkStats.SET_FOREGROUND}" />
    </annotation>
  </item>
  <item name="android.net.NetworkStats.Entry Entry(java.lang.String, int, int, int, int, int, int, long, long, long, long, long) 4">
    <annotation name="androidx.annotation.IntDef">
      <val name="value" val="{android.net.NetworkStats.METERED_ALL, android.net.NetworkStats.METERED_NO, android.net.NetworkStats.METERED_YES}" />
    </annotation>
  </item>
  <item name="android.net.NetworkStats.Entry Entry(java.lang.String, int, int, int, int, int, int, long, long, long, long, long) 5">
    <annotation name="androidx.annotation.IntDef">
      <val name="value" val="{android.net.NetworkStats.ROAMING_ALL, android.net.NetworkStats.ROAMING_NO, android.net.NetworkStats.ROAMING_YES}" />
    </annotation>
  </item>
  <item name="android.net.NetworkStats.Entry Entry(java.lang.String, int, int, int, int, int, int, long, long, long, long, long) 6">
    <annotation name="androidx.annotation.IntDef">
      <val name="value" val="{android.net.NetworkStats.DEFAULT_NETWORK_ALL, android.net.NetworkStats.DEFAULT_NETWORK_NO, android.net.NetworkStats.DEFAULT_NETWORK_YES}" />
    </annotation>
  </item>
  <item name="android.net.NetworkStats.Entry int getDefaultNetwork()">
    <annotation name="androidx.annotation.IntDef">
      <val name="value" val="{android.net.NetworkStats.DEFAULT_NETWORK_ALL, android.net.NetworkStats.DEFAULT_NETWORK_NO, android.net.NetworkStats.DEFAULT_NETWORK_YES}" />
    </annotation>
  </item>
  <item name="android.net.NetworkStats.Entry int getMetered()">
    <annotation name="androidx.annotation.IntDef">
      <val name="value" val="{android.net.NetworkStats.METERED_ALL, android.net.NetworkStats.METERED_NO, android.net.NetworkStats.METERED_YES}" />
    </annotation>
  </item>
  <item name="android.net.NetworkStats.Entry int getRoaming()">
    <annotation name="androidx.annotation.IntDef">
      <val name="value" val="{android.net.NetworkStats.ROAMING_ALL, android.net.NetworkStats.ROAMING_NO, android.net.NetworkStats.ROAMING_YES}" />
    </annotation>
  </item>
  <item name="android.net.NetworkStats.Entry int getSet()">
    <annotation name="androidx.annotation.IntDef">
      <val name="value" val="{android.net.NetworkStats.SET_ALL, android.net.NetworkStats.SET_DEFAULT, android.net.NetworkStats.SET_FOREGROUND}" />
    </annotation>
  </item>
</root>

