<?xml version="1.0" encoding="UTF-8"?>
<root>
  <item name="android.app.usage.NetworkStats.Bucket int getDefaultNetworkStatus()">
    <annotation name="androidx.annotation.IntDef">
      <val name="value" val="{android.app.usage.NetworkStats.Bucket.DEFAULT_NETWORK_ALL, android.app.usage.NetworkStats.Bucket.DEFAULT_NETWORK_NO, android.app.usage.NetworkStats.Bucket.DEFAULT_NETWORK_YES}" />
    </annotation>
  </item>
  <item name="android.app.usage.NetworkStats.Bucket int getMetered()">
    <annotation name="androidx.annotation.IntDef">
      <val name="value" val="{android.app.usage.NetworkStats.Bucket.METERED_ALL, android.app.usage.NetworkStats.Bucket.METERED_NO, android.app.usage.NetworkStats.Bucket.METERED_YES}" />
    </annotation>
  </item>
  <item name="android.app.usage.NetworkStats.Bucket int getRoaming()">
    <annotation name="androidx.annotation.IntDef">
      <val name="value" val="{android.app.usage.NetworkStats.Bucket.ROAMING_ALL, android.app.usage.NetworkStats.Bucket.ROAMING_NO, android.app.usage.NetworkStats.Bucket.ROAMING_YES}" />
    </annotation>
  </item>
  <item name="android.app.usage.NetworkStats.Bucket int getState()">
    <annotation name="androidx.annotation.IntDef">
      <val name="value" val="{android.app.usage.NetworkStats.Bucket.STATE_ALL, android.app.usage.NetworkStats.Bucket.STATE_DEFAULT, android.app.usage.NetworkStats.Bucket.STATE_FOREGROUND}" />
    </annotation>
  </item>
  <item name="android.app.usage.NetworkStatsManager android.app.usage.NetworkStats queryDetails(int, java.lang.String, long, long)">
    <annotation name="androidx.annotation.WorkerThread"/>
  </item>
  <item name="android.app.usage.NetworkStatsManager android.app.usage.NetworkStats queryDetailsForDevice(android.net.NetworkTemplate, long, long)">
    <annotation name="androidx.annotation.WorkerThread"/>
  </item>
  <item name="android.app.usage.NetworkStatsManager android.app.usage.NetworkStats queryDetailsForUid(int, java.lang.String, long, long, int)">
    <annotation name="androidx.annotation.WorkerThread"/>
  </item>
  <item name="android.app.usage.NetworkStatsManager android.app.usage.NetworkStats queryDetailsForUidTag(int, java.lang.String, long, long, int, int)">
    <annotation name="androidx.annotation.WorkerThread"/>
  </item>
  <item name="android.app.usage.NetworkStatsManager android.app.usage.NetworkStats queryDetailsForUidTagState(android.net.NetworkTemplate, long, long, int, int, int)">
    <annotation name="androidx.annotation.WorkerThread"/>
  </item>
  <item name="android.app.usage.NetworkStatsManager android.app.usage.NetworkStats queryDetailsForUidTagState(int, java.lang.String, long, long, int, int, int)">
    <annotation name="androidx.annotation.WorkerThread"/>
  </item>
  <item name="android.app.usage.NetworkStatsManager android.app.usage.NetworkStats querySummary(android.net.NetworkTemplate, long, long)">
    <annotation name="androidx.annotation.WorkerThread"/>
  </item>
  <item name="android.app.usage.NetworkStatsManager android.app.usage.NetworkStats querySummary(int, java.lang.String, long, long)">
    <annotation name="androidx.annotation.WorkerThread"/>
  </item>
  <item name="android.app.usage.NetworkStatsManager android.app.usage.NetworkStats queryTaggedSummary(android.net.NetworkTemplate, long, long)">
    <annotation name="androidx.annotation.WorkerThread"/>
  </item>
  <item name="android.app.usage.NetworkStatsManager android.app.usage.NetworkStats.Bucket querySummaryForDevice(android.net.NetworkTemplate, long, long)">
    <annotation name="androidx.annotation.WorkerThread"/>
  </item>
  <item name="android.app.usage.NetworkStatsManager android.app.usage.NetworkStats.Bucket querySummaryForDevice(int, java.lang.String, long, long)">
    <annotation name="androidx.annotation.WorkerThread"/>
  </item>
  <item name="android.app.usage.NetworkStatsManager android.app.usage.NetworkStats.Bucket querySummaryForUser(int, java.lang.String, long, long)">
    <annotation name="androidx.annotation.WorkerThread"/>
  </item>
  <item name="android.app.usage.NetworkStatsManager android.net.NetworkStats getMobileUidStats()">
    <annotation name="androidx.annotation.RequiresPermission">
      <val name="anyOf" val="{&quot;android.permission.MAINLINE_NETWORK_STACK&quot;, &quot;android.permission.NETWORK_STACK&quot;}" />
    </annotation>
  </item>
  <item name="android.app.usage.NetworkStatsManager android.net.NetworkStats getWifiUidStats()">
    <annotation name="androidx.annotation.RequiresPermission">
      <val name="anyOf" val="{&quot;android.permission.MAINLINE_NETWORK_STACK&quot;, &quot;android.permission.NETWORK_STACK&quot;}" />
    </annotation>
  </item>
  <item name="android.app.usage.NetworkStatsManager void forceUpdate()">
    <annotation name="androidx.annotation.RequiresPermission">
      <val name="anyOf" val="{&quot;android.permission.MAINLINE_NETWORK_STACK&quot;, &quot;android.permission.NETWORK_STACK&quot;}" />
    </annotation>
  </item>
  <item name="android.app.usage.NetworkStatsManager void noteUidForeground(int, boolean)">
    <annotation name="androidx.annotation.RequiresPermission">
      <val name="anyOf" val="{&quot;android.permission.MAINLINE_NETWORK_STACK&quot;, &quot;android.permission.NETWORK_STACK&quot;}" />
    </annotation>
  </item>
  <item name="android.app.usage.NetworkStatsManager void notifyNetworkStatus(java.util.List&lt;android.net.Network&gt;, java.util.List&lt;android.net.NetworkStateSnapshot&gt;, java.lang.String, java.util.List&lt;android.net.UnderlyingNetworkInfo&gt;)">
    <annotation name="androidx.annotation.RequiresPermission">
      <val name="anyOf" val="{&quot;android.permission.MAINLINE_NETWORK_STACK&quot;, &quot;android.permission.NETWORK_STACK&quot;}" />
    </annotation>
  </item>
  <item name="android.app.usage.NetworkStatsManager void registerNetworkStatsProvider(java.lang.String, android.net.netstats.provider.NetworkStatsProvider)">
    <annotation name="androidx.annotation.RequiresPermission">
      <val name="anyOf" val="{&quot;android.permission.NETWORK_STATS_PROVIDER&quot;, &quot;android.permission.MAINLINE_NETWORK_STACK&quot;}" />
    </annotation>
  </item>
  <item name="android.app.usage.NetworkStatsManager void registerUsageCallback(android.net.NetworkTemplate, long, java.util.concurrent.Executor, android.app.usage.NetworkStatsManager.UsageCallback)">
    <annotation name="androidx.annotation.RequiresPermission">
      <val name="anyOf" val="{&quot;android.permission.MAINLINE_NETWORK_STACK&quot;, &quot;android.permission.NETWORK_STACK&quot;}" />
      <val name="conditional" val="true" />
    </annotation>
  </item>
  <item name="android.app.usage.NetworkStatsManager void setDefaultGlobalAlert(long)">
    <annotation name="androidx.annotation.RequiresPermission">
      <val name="anyOf" val="{&quot;android.permission.MAINLINE_NETWORK_STACK&quot;, &quot;android.permission.NETWORK_STACK&quot;}" />
    </annotation>
  </item>
  <item name="android.app.usage.NetworkStatsManager void setPollOnOpen(boolean)">
    <annotation name="androidx.annotation.RequiresPermission">
      <val name="anyOf" val="{&quot;android.permission.MAINLINE_NETWORK_STACK&quot;, &quot;android.permission.NETWORK_STACK&quot;}" />
    </annotation>
  </item>
  <item name="android.app.usage.NetworkStatsManager void setStatsProviderWarningAndLimitAsync(java.lang.String, long, long)">
    <annotation name="androidx.annotation.RequiresPermission">
      <val name="anyOf" val="{&quot;android.permission.MAINLINE_NETWORK_STACK&quot;, &quot;android.permission.NETWORK_STACK&quot;}" />
    </annotation>
  </item>
  <item name="android.app.usage.NetworkStatsManager void unregisterNetworkStatsProvider(android.net.netstats.provider.NetworkStatsProvider)">
    <annotation name="androidx.annotation.RequiresPermission">
      <val name="anyOf" val="{&quot;android.permission.NETWORK_STATS_PROVIDER&quot;, &quot;android.permission.MAINLINE_NETWORK_STACK&quot;}" />
    </annotation>
  </item>
</root>

