<?xml version="1.0" encoding="UTF-8"?>
<root>
  <item name="android.net.eap.EapInfo int getEapMethodType()">
    <annotation name="androidx.annotation.IntDef">
      <val name="value" val="{android.net.eap.EapSessionConfig.EapMethodConfig.EAP_TYPE_SIM, android.net.eap.EapSessionConfig.EapMethodConfig.EAP_TYPE_TTLS, android.net.eap.EapSessionConfig.EapMethodConfig.EAP_TYPE_AKA, android.net.eap.EapSessionConfig.EapMethodConfig.EAP_TYPE_MSCHAP_V2, android.net.eap.EapSessionConfig.EapMethodConfig.EAP_TYPE_AKA_PRIME}" />
    </annotation>
  </item>
  <item name="android.net.eap.EapSessionConfig.Builder android.net.eap.EapSessionConfig.Builder setEapAkaConfig(int, int) 1">
    <annotation name="androidx.annotation.IntDef">
      <val name="value" val="{android.telephony.TelephonyManager.APPTYPE_SIM, android.telephony.TelephonyManager.APPTYPE_USIM, android.telephony.TelephonyManager.APPTYPE_RUIM, android.telephony.TelephonyManager.APPTYPE_CSIM, android.telephony.TelephonyManager.APPTYPE_ISIM}" />
    </annotation>
  </item>
  <item name="android.net.eap.EapSessionConfig.Builder android.net.eap.EapSessionConfig.Builder setEapAkaConfig(int, int, android.net.eap.EapSessionConfig.EapAkaOption) 1">
    <annotation name="androidx.annotation.IntDef">
      <val name="value" val="{android.telephony.TelephonyManager.APPTYPE_SIM, android.telephony.TelephonyManager.APPTYPE_USIM, android.telephony.TelephonyManager.APPTYPE_RUIM, android.telephony.TelephonyManager.APPTYPE_CSIM, android.telephony.TelephonyManager.APPTYPE_ISIM}" />
    </annotation>
  </item>
  <item name="android.net.eap.EapSessionConfig.Builder android.net.eap.EapSessionConfig.Builder setEapAkaPrimeConfig(int, int, java.lang.String, boolean) 1">
    <annotation name="androidx.annotation.IntDef">
      <val name="value" val="{android.telephony.TelephonyManager.APPTYPE_SIM, android.telephony.TelephonyManager.APPTYPE_USIM, android.telephony.TelephonyManager.APPTYPE_RUIM, android.telephony.TelephonyManager.APPTYPE_CSIM, android.telephony.TelephonyManager.APPTYPE_ISIM}" />
    </annotation>
  </item>
  <item name="android.net.eap.EapSessionConfig.Builder android.net.eap.EapSessionConfig.Builder setEapSimConfig(int, int) 1">
    <annotation name="androidx.annotation.IntDef">
      <val name="value" val="{android.telephony.TelephonyManager.APPTYPE_SIM, android.telephony.TelephonyManager.APPTYPE_USIM, android.telephony.TelephonyManager.APPTYPE_RUIM, android.telephony.TelephonyManager.APPTYPE_CSIM, android.telephony.TelephonyManager.APPTYPE_ISIM}" />
    </annotation>
  </item>
  <item name="android.net.eap.EapSessionConfig.EapAkaConfig int getAppType()">
    <annotation name="androidx.annotation.IntDef">
      <val name="value" val="{android.telephony.TelephonyManager.APPTYPE_SIM, android.telephony.TelephonyManager.APPTYPE_USIM, android.telephony.TelephonyManager.APPTYPE_RUIM, android.telephony.TelephonyManager.APPTYPE_CSIM, android.telephony.TelephonyManager.APPTYPE_ISIM}" />
    </annotation>
    <annotation name="androidx.annotation.IntDef">
      <val name="value" val="{android.telephony.TelephonyManager.APPTYPE_SIM, android.telephony.TelephonyManager.APPTYPE_USIM, android.telephony.TelephonyManager.APPTYPE_RUIM, android.telephony.TelephonyManager.APPTYPE_CSIM, android.telephony.TelephonyManager.APPTYPE_ISIM}" />
    </annotation>
  </item>
</root>

