<?xml version="1.0" encoding="UTF-8"?>
<root>
  <item name="android.adservices.ondevicepersonalization.EventLogRecord int getRowIndex()">
    <annotation name="androidx.annotation.IntRange">
      <val name="from" val="0" />
    </annotation>
  </item>
  <item name="android.adservices.ondevicepersonalization.EventLogRecord int getType()">
    <annotation name="androidx.annotation.IntRange">
      <val name="from" val="1" />
      <val name="to" val="127" />
    </annotation>
  </item>
  <item name="android.adservices.ondevicepersonalization.EventLogRecord.Builder android.adservices.ondevicepersonalization.EventLogRecord.Builder setRowIndex(int) 0">
    <annotation name="androidx.annotation.IntRange">
      <val name="from" val="0" />
    </annotation>
  </item>
  <item name="android.adservices.ondevicepersonalization.EventLogRecord.Builder android.adservices.ondevicepersonalization.EventLogRecord.Builder setType(int) 0">
    <annotation name="androidx.annotation.IntRange">
      <val name="from" val="1" />
      <val name="to" val="127" />
    </annotation>
  </item>
  <item name="android.adservices.ondevicepersonalization.EventUrlProvider android.net.Uri createEventTrackingUrlWithRedirect(android.os.PersistableBundle, android.net.Uri)">
    <annotation name="androidx.annotation.WorkerThread"/>
  </item>
  <item name="android.adservices.ondevicepersonalization.EventUrlProvider android.net.Uri createEventTrackingUrlWithResponse(android.os.PersistableBundle, byte[], java.lang.String)">
    <annotation name="androidx.annotation.WorkerThread"/>
  </item>
  <item name="android.adservices.ondevicepersonalization.FederatedComputeScheduler void cancel(java.lang.String)">
    <annotation name="androidx.annotation.WorkerThread"/>
  </item>
  <item name="android.adservices.ondevicepersonalization.FederatedComputeScheduler void schedule(android.adservices.ondevicepersonalization.FederatedComputeScheduler.Params, android.adservices.ondevicepersonalization.FederatedComputeInput)">
    <annotation name="androidx.annotation.WorkerThread"/>
  </item>
  <item name="android.adservices.ondevicepersonalization.KeyValueStore byte[] get(java.lang.String)">
    <annotation name="androidx.annotation.WorkerThread"/>
  </item>
  <item name="android.adservices.ondevicepersonalization.KeyValueStore java.util.Set&lt;java.lang.String&gt; keySet()">
    <annotation name="androidx.annotation.WorkerThread"/>
  </item>
  <item name="android.adservices.ondevicepersonalization.LogReader java.util.List&lt;android.adservices.ondevicepersonalization.EventLogRecord&gt; getJoinedEvents(java.time.Instant, java.time.Instant)">
    <annotation name="androidx.annotation.WorkerThread"/>
  </item>
  <item name="android.adservices.ondevicepersonalization.LogReader java.util.List&lt;android.adservices.ondevicepersonalization.RequestLogRecord&gt; getRequests(java.time.Instant, java.time.Instant)">
    <annotation name="androidx.annotation.WorkerThread"/>
  </item>
  <item name="android.adservices.ondevicepersonalization.MutableKeyValueStore byte[] put(java.lang.String, byte[])">
    <annotation name="androidx.annotation.WorkerThread"/>
  </item>
  <item name="android.adservices.ondevicepersonalization.MutableKeyValueStore byte[] remove(java.lang.String)">
    <annotation name="androidx.annotation.WorkerThread"/>
  </item>
  <item name="android.adservices.ondevicepersonalization.OnDevicePersonalizationConfigManager void setPersonalizationEnabled(boolean, java.util.concurrent.Executor, android.os.OutcomeReceiver&lt;java.lang.Void,java.lang.Exception&gt;)">
    <annotation name="androidx.annotation.RequiresPermission">
      <val name="value" val="&quot;android.permission.ondevicepersonalization.MODIFY_ONDEVICEPERSONALIZATION_STATE&quot;" />
    </annotation>
  </item>
  <item name="android.adservices.ondevicepersonalization.OnDevicePersonalizationException int getErrorCode()">
    <annotation name="androidx.annotation.IntDef">
      <val name="value" val="{android.adservices.ondevicepersonalization.OnDevicePersonalizationException.ERROR_ISOLATED_SERVICE_FAILED}" />
    </annotation>
  </item>
  <item name="android.adservices.ondevicepersonalization.TrainingInterval int getSchedulingMode()">
    <annotation name="androidx.annotation.IntDef">
      <val name="value" val="{android.adservices.ondevicepersonalization.TrainingInterval.SCHEDULING_MODE_ONE_TIME, android.adservices.ondevicepersonalization.TrainingInterval.SCHEDULING_MODE_RECURRENT}" />
    </annotation>
  </item>
  <item name="android.adservices.ondevicepersonalization.TrainingInterval.Builder android.adservices.ondevicepersonalization.TrainingInterval.Builder setSchedulingMode(int) 0">
    <annotation name="androidx.annotation.IntDef">
      <val name="value" val="{android.adservices.ondevicepersonalization.TrainingInterval.SCHEDULING_MODE_ONE_TIME, android.adservices.ondevicepersonalization.TrainingInterval.SCHEDULING_MODE_RECURRENT}" />
    </annotation>
  </item>
  <item name="android.adservices.ondevicepersonalization.UserData int getBatteryPercentage()">
    <annotation name="androidx.annotation.IntRange">
      <val name="from" val="0" />
      <val name="to" val="100" />
    </annotation>
  </item>
  <item name="android.adservices.ondevicepersonalization.UserData int getOrientation()">
    <annotation name="androidx.annotation.IntDef">
      <val name="value" val="{android.content.res.Configuration.ORIENTATION_UNDEFINED, android.content.res.Configuration.ORIENTATION_PORTRAIT, android.content.res.Configuration.ORIENTATION_LANDSCAPE, android.content.res.Configuration.ORIENTATION_SQUARE}" />
    </annotation>
  </item>
  <item name="android.adservices.ondevicepersonalization.UserData long getAvailableStorageBytes()">
    <annotation name="androidx.annotation.IntRange">
      <val name="from" val="0" />
    </annotation>
  </item>
</root>

